customer_key,customer_id,customer_name,city,state,segment
1,C001,Customer 001,Nashik,Maharashtra,Family
2,C002,Customer 002,Nagpur,Maharashtra,Student
3,C003,Customer 003,Pune,Maharashtra,Business
4,C004,Customer 004,Pune,Maharashtra,Professional
5,C005,Customer 005,Aurangabad,Maharashtra,Student
6,C006,Customer 006,Aurangabad,Maharashtra,Family
7,C007,Customer 007,Pune,Maharashtra,Student
8,C008,Customer 008,Nagpur,Maharashtra,Tourist
9,C009,Customer 009,Pune,Maharashtra,Family
10,C010,Customer 010,Pune,Maharashtra,Business
11,C011,Customer 011,Nagpur,Maharashtra,Student
12,C012,Customer 012,Aurangabad,Maharashtra,Student
13,C013,Customer 013,Mumbai,Maharashtra,Business
14,C014,Customer 014,Pune,Maharashtra,Business
15,C015,Customer 015,Aurangabad,Maharashtra,Tourist
16,C016,Customer 016,Pune,Maharashtra,Family
17,C017,Customer 017,Pune,Maharashtra,Business
18,C018,Customer 018,Mumbai,Maharashtra,Professional
19,C019,Customer 019,Nagpur,Maharashtra,Family
20,C020,Customer 020,Aurangabad,Maharashtra,Student
21,C021,Customer 021,Aurangabad,Maharashtra,Professional
22,C022,Customer 022,Aurangabad,Maharashtra,Family
23,C023,Customer 023,Pune,Maharashtra,Business
24,C024,Customer 024,Aurangabad,Maharashtra,Family
25,C025,Customer 025,Nashik,Maharashtra,Student
26,C026,Customer 026,Aurangabad,Maharashtra,Student
27,C027,Customer 027,Aurangabad,Maharashtra,Student
28,C028,Customer 028,Aurangabad,Maharashtra,Family
29,C029,Customer 029,Nagpur,Maharashtra,Business
30,C030,Customer 030,Nagpur,Maharashtra,Professional
31,C031,Customer 031,Nagpur,Maharashtra,Business
32,C032,Customer 032,Nagpur,Maharashtra,Professional
33,C033,Customer 033,Nashik,Maharashtra,Family
34,C034,Customer 034,Mumbai,Maharashtra,Family
35,C035,Customer 035,Pune,Maharashtra,Business
36,C036,Customer 036,Nashik,Maharashtra,Business
37,C037,Customer 037,Nagpur,Maharashtra,Professional
38,C038,Customer 038,Thane,Maharashtra,Tourist
39,C039,Customer 039,Nashik,Maharashtra,Business
40,C040,Customer 040,Pune,Maharashtra,Student
41,C041,Customer 041,Aurangabad,Maharashtra,Tourist
42,C042,Customer 042,Mumbai,Maharashtra,Professional
43,C043,Customer 043,Mumbai,Maharashtra,Tourist
44,C044,Customer 044,Nagpur,Maharashtra,Student
45,C045,Customer 045,Thane,Maharashtra,Student
46,C046,Customer 046,Aurangabad,Maharashtra,Business
47,C047,Customer 047,Nashik,Maharashtra,Professional
48,C048,Customer 048,Thane,Maharashtra,Professional
49,C049,Customer 049,Aurangabad,Maharashtra,Tourist
50,C050,Customer 050,Aurangabad,Maharashtra,Tourist
51,C051,Customer 051,Pune,Maharashtra,Student
52,C052,Customer 052,Nashik,Maharashtra,Tourist
53,C053,Customer 053,Thane,Maharashtra,Student
54,C054,Customer 054,Pune,Maharashtra,Professional
55,C055,Customer 055,Thane,Maharashtra,Business
56,C056,Customer 056,Thane,Maharashtra,Tourist
57,C057,Customer 057,Nashik,Maharashtra,Tourist
58,C058,Customer 058,Thane,Maharashtra,Professional
59,C059,Customer 059,Pune,Maharashtra,Tourist
60,C060,Customer 060,Nashik,Maharashtra,Family
61,C061,Customer 061,Aurangabad,Maharashtra,Student
62,C062,Customer 062,Nagpur,Maharashtra,Student
63,C063,Customer 063,Mumbai,Maharashtra,Professional
64,C064,Customer 064,Mumbai,Maharashtra,Family
65,C065,Customer 065,Nagpur,Maharashtra,Tourist
66,C066,Customer 066,Nagpur,Maharashtra,Student
67,C067,Customer 067,Mumbai,Maharashtra,Tourist
68,C068,Customer 068,Nagpur,Maharashtra,Business
69,C069,Customer 069,Nashik,Maharashtra,Family
70,C070,Customer 070,Nagpur,Maharashtra,Business
71,C071,Customer 071,Nashik,Maharashtra,Tourist
72,C072,Customer 072,Nashik,Maharashtra,Tourist
73,C073,Customer 073,Mumbai,Maharashtra,Family
74,C074,Customer 074,Pune,Maharashtra,Family
75,C075,Customer 075,Mumbai,Maharashtra,Family
76,C076,Customer 076,Thane,Maharashtra,Family
77,C077,Customer 077,Pune,Maharashtra,Tourist
78,C078,Customer 078,Aurangabad,Maharashtra,Family
79,C079,Customer 079,Nashik,Maharashtra,Professional
80,C080,Customer 080,Pune,Maharashtra,Family
81,C081,Customer 081,Nagpur,Maharashtra,Business
82,C082,Customer 082,Nashik,Maharashtra,Business
83,C083,Customer 083,Aurangabad,Maharashtra,Professional
84,C084,Customer 084,Mumbai,Maharashtra,Business
85,C085,Customer 085,Aurangabad,Maharashtra,Student
86,C086,Customer 086,Nagpur,Maharashtra,Business
87,C087,Customer 087,Nagpur,Maharashtra,Tourist
88,C088,Customer 088,Nagpur,Maharashtra,Tourist
89,C089,Customer 089,Pune,Maharashtra,Tourist
90,C090,Customer 090,Thane,Maharashtra,Tourist
91,C091,Customer 091,Pune,Maharashtra,Family
92,C092,Customer 092,Pune,Maharashtra,Family
93,C093,Customer 093,Nagpur,Maharashtra,Family
94,C094,Customer 094,Pune,Maharashtra,Professional
95,C095,Customer 095,Aurangabad,Maharashtra,Student
96,C096,Customer 096,Pune,Maharashtra,Student
97,C097,Customer 097,Aurangabad,Maharashtra,Family
98,C098,Customer 098,Aurangabad,Maharashtra,Student
99,C099,Customer 099,Nashik,Maharashtra,Business
100,C100,Customer 100,Pune,Maharashtra,Student
101,C101,Customer 101,Mumbai,Maharashtra,Business
102,C102,Customer 102,Nagpur,Maharashtra,Family
103,C103,Customer 103,Thane,Maharashtra,Professional
104,C104,Customer 104,Nashik,Maharashtra,Business
105,C105,Customer 105,Nashik,Maharashtra,Tourist
106,C106,Customer 106,Pune,Maharashtra,Student
107,C107,Customer 107,Nagpur,Maharashtra,Tourist
108,C108,Customer 108,Nagpur,Maharashtra,Tourist
109,C109,Customer 109,Nashik,Maharashtra,Student
110,C110,Customer 110,Mumbai,Maharashtra,Student
111,C111,Customer 111,Thane,Maharashtra,Professional
112,C112,Customer 112,Thane,Maharashtra,Professional
113,C113,Customer 113,Nagpur,Maharashtra,Family
114,C114,Customer 114,Aurangabad,Maharashtra,Student
115,C115,Customer 115,Mumbai,Maharashtra,Business
116,C116,Customer 116,Nashik,Maharashtra,Family
117,C117,Customer 117,Thane,Maharashtra,Business
118,C118,Customer 118,Pune,Maharashtra,Business
119,C119,Customer 119,Nashik,Maharashtra,Student
120,C120,Customer 120,Thane,Maharashtra,Professional
121,C121,Customer 121,Aurangabad,Maharashtra,Professional
122,C122,Customer 122,Mumbai,Maharashtra,Professional
123,C123,Customer 123,Mumbai,Maharashtra,Business
124,C124,Customer 124,Aurangabad,Maharashtra,Business
125,C125,Customer 125,Nashik,Maharashtra,Family
126,C126,Customer 126,Aurangabad,Maharashtra,Family
127,C127,Customer 127,Mumbai,Maharashtra,Tourist
128,C128,Customer 128,Thane,Maharashtra,Family
129,C129,Customer 129,Mumbai,Maharashtra,Business
130,C130,Customer 130,Nagpur,Maharashtra,Professional
131,C131,Customer 131,Thane,Maharashtra,Student
132,C132,Customer 132,Pune,Maharashtra,Professional
133,C133,Customer 133,Nagpur,Maharashtra,Professional
134,C134,Customer 134,Mumbai,Maharashtra,Business
135,C135,Customer 135,Nashik,Maharashtra,Tourist
136,C136,Customer 136,Thane,Maharashtra,Professional
137,C137,Customer 137,Nashik,Maharashtra,Student
138,C138,Customer 138,Mumbai,Maharashtra,Student
139,C139,Customer 139,Mumbai,Maharashtra,Tourist
140,C140,Customer 140,Mumbai,Maharashtra,Professional
141,C141,Customer 141,Mumbai,Maharashtra,Tourist
142,C142,Customer 142,Aurangabad,Maharashtra,Business
143,C143,Customer 143,Pune,Maharashtra,Tourist
144,C144,Customer 144,Thane,Maharashtra,Professional
145,C145,Customer 145,Thane,Maharashtra,Student
146,C146,Customer 146,Thane,Maharashtra,Student
147,C147,Customer 147,Nagpur,Maharashtra,Family
148,C148,Customer 148,Nagpur,Maharashtra,Family
149,C149,Customer 149,Nagpur,Maharashtra,Professional
150,C150,Customer 150,Pune,Maharashtra,Tourist
