table,column,dtype,nulls,distinct
dim_product,product_key,int64,0,15
dim_product,product_id,object,0,15
dim_product,product_name,object,0,15
dim_product,category,object,0,5
dim_product,unit_price,int64,0,14
dim_product,unit_cost,int64,0,14
fact_sales,transaction_id,object,0,1500
fact_sales,customer_key,int64,0,150
fact_sales,product_key,int64,0,15
fact_sales,store_key,int64,0,7
fact_sales,date_id,int64,0,359
fact_sales,quantity,int64,0,10
fact_sales,unit_price,int64,0,14
fact_sales,discount_rate,float64,0,5
fact_sales,sales_amount,float64,0,426
fact_sales,cost_amount,int64,0,109
fact_sales,profit,float64,0,450
dim_customer,customer_key,int64,0,150
dim_customer,customer_id,object,0,150
dim_customer,customer_name,object,0,150
dim_customer,city,object,0,6
dim_customer,state,object,0,1
dim_customer,segment,object,0,5
dim_date,date_key,int64,0,359
dim_date,date_id,int64,0,359
dim_date,date,object,0,359
dim_date,year,int64,0,1
dim_date,month,int64,0,12
dim_date,month_name,object,0,12
dim_date,weekday,object,0,7
dim_date,quarter,int64,0,4
dim_store,store_key,int64,0,7
dim_store,store_id,object,0,7
dim_store,store_name,object,0,7
dim_store,city,object,0,6
