date_key,date_id,date,year,month,month_name,weekday,quarter
1,20260101,2026-01-01,2026,1,January,Thursday,1
2,20260102,2026-01-02,2026,1,January,Friday,1
3,20260103,2026-01-03,2026,1,January,Saturday,1
4,20260104,2026-01-04,2026,1,January,Sunday,1
5,20260105,2026-01-05,2026,1,January,Monday,1
6,20260106,2026-01-06,2026,1,January,Tuesday,1
7,20260107,2026-01-07,2026,1,January,Wednesday,1
8,20260108,2026-01-08,2026,1,January,Thursday,1
9,20260109,2026-01-09,2026,1,January,Friday,1
10,20260110,2026-01-10,2026,1,January,Saturday,1
11,20260111,2026-01-11,2026,1,January,Sunday,1
12,20260112,2026-01-12,2026,1,January,Monday,1
13,20260113,2026-01-13,2026,1,January,Tuesday,1
14,20260114,2026-01-14,2026,1,January,Wednesday,1
15,20260115,2026-01-15,2026,1,January,Thursday,1
16,20260116,2026-01-16,2026,1,January,Friday,1
17,20260117,2026-01-17,2026,1,January,Saturday,1
18,20260118,2026-01-18,2026,1,January,Sunday,1
19,20260119,2026-01-19,2026,1,January,Monday,1
20,20260120,2026-01-20,2026,1,January,Tuesday,1
21,20260121,2026-01-21,2026,1,January,Wednesday,1
22,20260122,2026-01-22,2026,1,January,Thursday,1
23,20260123,2026-01-23,2026,1,January,Friday,1
24,20260124,2026-01-24,2026,1,January,Saturday,1
25,20260125,2026-01-25,2026,1,January,Sunday,1
26,20260126,2026-01-26,2026,1,January,Monday,1
27,20260127,2026-01-27,2026,1,January,Tuesday,1
28,20260128,2026-01-28,2026,1,January,Wednesday,1
29,20260129,2026-01-29,2026,1,January,Thursday,1
30,20260130,2026-01-30,2026,1,January,Friday,1
31,20260131,2026-01-31,2026,1,January,Saturday,1
32,20260201,2026-02-01,2026,2,February,Sunday,1
33,20260202,2026-02-02,2026,2,February,Monday,1
34,20260203,2026-02-03,2026,2,February,Tuesday,1
35,20260204,2026-02-04,2026,2,February,Wednesday,1
36,20260205,2026-02-05,2026,2,February,Thursday,1
37,20260206,2026-02-06,2026,2,February,Friday,1
38,20260207,2026-02-07,2026,2,February,Saturday,1
39,20260208,2026-02-08,2026,2,February,Sunday,1
40,20260209,2026-02-09,2026,2,February,Monday,1
41,20260210,2026-02-10,2026,2,February,Tuesday,1
42,20260211,2026-02-11,2026,2,February,Wednesday,1
43,20260212,2026-02-12,2026,2,February,Thursday,1
44,20260213,2026-02-13,2026,2,February,Friday,1
45,20260214,2026-02-14,2026,2,February,Saturday,1
46,20260215,2026-02-15,2026,2,February,Sunday,1
47,20260216,2026-02-16,2026,2,February,Monday,1
48,20260217,2026-02-17,2026,2,February,Tuesday,1
49,20260218,2026-02-18,2026,2,February,Wednesday,1
50,20260219,2026-02-19,2026,2,February,Thursday,1
51,20260220,2026-02-20,2026,2,February,Friday,1
52,20260221,2026-02-21,2026,2,February,Saturday,1
53,20260222,2026-02-22,2026,2,February,Sunday,1
54,20260223,2026-02-23,2026,2,February,Monday,1
55,20260224,2026-02-24,2026,2,February,Tuesday,1
56,20260225,2026-02-25,2026,2,February,Wednesday,1
57,20260226,2026-02-26,2026,2,February,Thursday,1
58,20260227,2026-02-27,2026,2,February,Friday,1
59,20260228,2026-02-28,2026,2,February,Saturday,1
60,20260301,2026-03-01,2026,3,March,Sunday,1
61,20260302,2026-03-02,2026,3,March,Monday,1
62,20260303,2026-03-03,2026,3,March,Tuesday,1
63,20260304,2026-03-04,2026,3,March,Wednesday,1
64,20260306,2026-03-06,2026,3,March,Friday,1
65,20260307,2026-03-07,2026,3,March,Saturday,1
66,20260308,2026-03-08,2026,3,March,Sunday,1
67,20260309,2026-03-09,2026,3,March,Monday,1
68,20260310,2026-03-10,2026,3,March,Tuesday,1
69,20260311,2026-03-11,2026,3,March,Wednesday,1
70,20260312,2026-03-12,2026,3,March,Thursday,1
71,20260314,2026-03-14,2026,3,March,Saturday,1
72,20260315,2026-03-15,2026,3,March,Sunday,1
73,20260316,2026-03-16,2026,3,March,Monday,1
74,20260317,2026-03-17,2026,3,March,Tuesday,1
75,20260318,2026-03-18,2026,3,March,Wednesday,1
76,20260319,2026-03-19,2026,3,March,Thursday,1
77,20260320,2026-03-20,2026,3,March,Friday,1
78,20260321,2026-03-21,2026,3,March,Saturday,1
79,20260322,2026-03-22,2026,3,March,Sunday,1
80,20260323,2026-03-23,2026,3,March,Monday,1
81,20260324,2026-03-24,2026,3,March,Tuesday,1
82,20260325,2026-03-25,2026,3,March,Wednesday,1
83,20260326,2026-03-26,2026,3,March,Thursday,1
84,20260327,2026-03-27,2026,3,March,Friday,1
85,20260328,2026-03-28,2026,3,March,Saturday,1
86,20260329,2026-03-29,2026,3,March,Sunday,1
87,20260330,2026-03-30,2026,3,March,Monday,1
88,20260331,2026-03-31,2026,3,March,Tuesday,1
89,20260401,2026-04-01,2026,4,April,Wednesday,2
90,20260402,2026-04-02,2026,4,April,Thursday,2
91,20260403,2026-04-03,2026,4,April,Friday,2
92,20260404,2026-04-04,2026,4,April,Saturday,2
93,20260405,2026-04-05,2026,4,April,Sunday,2
94,20260406,2026-04-06,2026,4,April,Monday,2
95,20260407,2026-04-07,2026,4,April,Tuesday,2
96,20260408,2026-04-08,2026,4,April,Wednesday,2
97,20260409,2026-04-09,2026,4,April,Thursday,2
98,20260410,2026-04-10,2026,4,April,Friday,2
99,20260411,2026-04-11,2026,4,April,Saturday,2
100,20260412,2026-04-12,2026,4,April,Sunday,2
101,20260413,2026-04-13,2026,4,April,Monday,2
102,20260414,2026-04-14,2026,4,April,Tuesday,2
103,20260415,2026-04-15,2026,4,April,Wednesday,2
104,20260416,2026-04-16,2026,4,April,Thursday,2
105,20260417,2026-04-17,2026,4,April,Friday,2
106,20260418,2026-04-18,2026,4,April,Saturday,2
107,20260419,2026-04-19,2026,4,April,Sunday,2
108,20260420,2026-04-20,2026,4,April,Monday,2
109,20260421,2026-04-21,2026,4,April,Tuesday,2
110,20260422,2026-04-22,2026,4,April,Wednesday,2
111,20260423,2026-04-23,2026,4,April,Thursday,2
112,20260424,2026-04-24,2026,4,April,Friday,2
113,20260425,2026-04-25,2026,4,April,Saturday,2
114,20260426,2026-04-26,2026,4,April,Sunday,2
115,20260427,2026-04-27,2026,4,April,Monday,2
116,20260429,2026-04-29,2026,4,April,Wednesday,2
117,20260430,2026-04-30,2026,4,April,Thursday,2
118,20260502,2026-05-02,2026,5,May,Saturday,2
119,20260503,2026-05-03,2026,5,May,Sunday,2
120,20260504,2026-05-04,2026,5,May,Monday,2
121,20260505,2026-05-05,2026,5,May,Tuesday,2
122,20260506,2026-05-06,2026,5,May,Wednesday,2
123,20260507,2026-05-07,2026,5,May,Thursday,2
124,20260508,2026-05-08,2026,5,May,Friday,2
125,20260509,2026-05-09,2026,5,May,Saturday,2
126,20260510,2026-05-10,2026,5,May,Sunday,2
127,20260511,2026-05-11,2026,5,May,Monday,2
128,20260512,2026-05-12,2026,5,May,Tuesday,2
129,20260513,2026-05-13,2026,5,May,Wednesday,2
130,20260514,2026-05-14,2026,5,May,Thursday,2
131,20260515,2026-05-15,2026,5,May,Friday,2
132,20260516,2026-05-16,2026,5,May,Saturday,2
133,20260517,2026-05-17,2026,5,May,Sunday,2
134,20260518,2026-05-18,2026,5,May,Monday,2
135,20260519,2026-05-19,2026,5,May,Tuesday,2
136,20260520,2026-05-20,2026,5,May,Wednesday,2
137,20260521,2026-05-21,2026,5,May,Thursday,2
138,20260522,2026-05-22,2026,5,May,Friday,2
139,20260523,2026-05-23,2026,5,May,Saturday,2
140,20260524,2026-05-24,2026,5,May,Sunday,2
141,20260525,2026-05-25,2026,5,May,Monday,2
142,20260526,2026-05-26,2026,5,May,Tuesday,2
143,20260527,2026-05-27,2026,5,May,Wednesday,2
144,20260528,2026-05-28,2026,5,May,Thursday,2
145,20260529,2026-05-29,2026,5,May,Friday,2
146,20260530,2026-05-30,2026,5,May,Saturday,2
147,20260531,2026-05-31,2026,5,May,Sunday,2
148,20260601,2026-06-01,2026,6,June,Monday,2
149,20260602,2026-06-02,2026,6,June,Tuesday,2
150,20260603,2026-06-03,2026,6,June,Wednesday,2
151,20260604,2026-06-04,2026,6,June,Thursday,2
152,20260605,2026-06-05,2026,6,June,Friday,2
153,20260606,2026-06-06,2026,6,June,Saturday,2
154,20260607,2026-06-07,2026,6,June,Sunday,2
155,20260608,2026-06-08,2026,6,June,Monday,2
156,20260609,2026-06-09,2026,6,June,Tuesday,2
157,20260610,2026-06-10,2026,6,June,Wednesday,2
158,20260611,2026-06-11,2026,6,June,Thursday,2
159,20260612,2026-06-12,2026,6,June,Friday,2
160,20260613,2026-06-13,2026,6,June,Saturday,2
161,20260614,2026-06-14,2026,6,June,Sunday,2
162,20260615,2026-06-15,2026,6,June,Monday,2
163,20260616,2026-06-16,2026,6,June,Tuesday,2
164,20260617,2026-06-17,2026,6,June,Wednesday,2
165,20260618,2026-06-18,2026,6,June,Thursday,2
166,20260619,2026-06-19,2026,6,June,Friday,2
167,20260620,2026-06-20,2026,6,June,Saturday,2
168,20260621,2026-06-21,2026,6,June,Sunday,2
169,20260622,2026-06-22,2026,6,June,Monday,2
170,20260623,2026-06-23,2026,6,June,Tuesday,2
171,20260624,2026-06-24,2026,6,June,Wednesday,2
172,20260625,2026-06-25,2026,6,June,Thursday,2
173,20260626,2026-06-26,2026,6,June,Friday,2
174,20260627,2026-06-27,2026,6,June,Saturday,2
175,20260628,2026-06-28,2026,6,June,Sunday,2
176,20260629,2026-06-29,2026,6,June,Monday,2
177,20260630,2026-06-30,2026,6,June,Tuesday,2
178,20260701,2026-07-01,2026,7,July,Wednesday,3
179,20260702,2026-07-02,2026,7,July,Thursday,3
180,20260703,2026-07-03,2026,7,July,Friday,3
181,20260704,2026-07-04,2026,7,July,Saturday,3
182,20260705,2026-07-05,2026,7,July,Sunday,3
183,20260706,2026-07-06,2026,7,July,Monday,3
184,20260707,2026-07-07,2026,7,July,Tuesday,3
185,20260708,2026-07-08,2026,7,July,Wednesday,3
186,20260709,2026-07-09,2026,7,July,Thursday,3
187,20260710,2026-07-10,2026,7,July,Friday,3
188,20260711,2026-07-11,2026,7,July,Saturday,3
189,20260712,2026-07-12,2026,7,July,Sunday,3
190,20260713,2026-07-13,2026,7,July,Monday,3
191,20260714,2026-07-14,2026,7,July,Tuesday,3
192,20260715,2026-07-15,2026,7,July,Wednesday,3
193,20260716,2026-07-16,2026,7,July,Thursday,3
194,20260717,2026-07-17,2026,7,July,Friday,3
195,20260718,2026-07-18,2026,7,July,Saturday,3
196,20260719,2026-07-19,2026,7,July,Sunday,3
197,20260720,2026-07-20,2026,7,July,Monday,3
198,20260721,2026-07-21,2026,7,July,Tuesday,3
199,20260722,2026-07-22,2026,7,July,Wednesday,3
200,20260723,2026-07-23,2026,7,July,Thursday,3
201,20260724,2026-07-24,2026,7,July,Friday,3
202,20260725,2026-07-25,2026,7,July,Saturday,3
203,20260726,2026-07-26,2026,7,July,Sunday,3
204,20260727,2026-07-27,2026,7,July,Monday,3
205,20260728,2026-07-28,2026,7,July,Tuesday,3
206,20260729,2026-07-29,2026,7,July,Wednesday,3
207,20260730,2026-07-30,2026,7,July,Thursday,3
208,20260731,2026-07-31,2026,7,July,Friday,3
209,20260801,2026-08-01,2026,8,August,Saturday,3
210,20260802,2026-08-02,2026,8,August,Sunday,3
211,20260803,2026-08-03,2026,8,August,Monday,3
212,20260804,2026-08-04,2026,8,August,Tuesday,3
213,20260805,2026-08-05,2026,8,August,Wednesday,3
214,20260806,2026-08-06,2026,8,August,Thursday,3
215,20260807,2026-08-07,2026,8,August,Friday,3
216,20260808,2026-08-08,2026,8,August,Saturday,3
217,20260809,2026-08-09,2026,8,August,Sunday,3
218,20260810,2026-08-10,2026,8,August,Monday,3
219,20260811,2026-08-11,2026,8,August,Tuesday,3
220,20260812,2026-08-12,2026,8,August,Wednesday,3
221,20260813,2026-08-13,2026,8,August,Thursday,3
222,20260814,2026-08-14,2026,8,August,Friday,3
223,20260815,2026-08-15,2026,8,August,Saturday,3
224,20260816,2026-08-16,2026,8,August,Sunday,3
225,20260817,2026-08-17,2026,8,August,Monday,3
226,20260818,2026-08-18,2026,8,August,Tuesday,3
227,20260819,2026-08-19,2026,8,August,Wednesday,3
228,20260820,2026-08-20,2026,8,August,Thursday,3
229,20260821,2026-08-21,2026,8,August,Friday,3
230,20260823,2026-08-23,2026,8,August,Sunday,3
231,20260824,2026-08-24,2026,8,August,Monday,3
232,20260825,2026-08-25,2026,8,August,Tuesday,3
233,20260826,2026-08-26,2026,8,August,Wednesday,3
234,20260827,2026-08-27,2026,8,August,Thursday,3
235,20260828,2026-08-28,2026,8,August,Friday,3
236,20260829,2026-08-29,2026,8,August,Saturday,3
237,20260830,2026-08-30,2026,8,August,Sunday,3
238,20260831,2026-08-31,2026,8,August,Monday,3
239,20260901,2026-09-01,2026,9,September,Tuesday,3
240,20260902,2026-09-02,2026,9,September,Wednesday,3
241,20260903,2026-09-03,2026,9,September,Thursday,3
242,20260904,2026-09-04,2026,9,September,Friday,3
243,20260905,2026-09-05,2026,9,September,Saturday,3
244,20260906,2026-09-06,2026,9,September,Sunday,3
245,20260907,2026-09-07,2026,9,September,Monday,3
246,20260908,2026-09-08,2026,9,September,Tuesday,3
247,20260909,2026-09-09,2026,9,September,Wednesday,3
248,20260910,2026-09-10,2026,9,September,Thursday,3
249,20260911,2026-09-11,2026,9,September,Friday,3
250,20260912,2026-09-12,2026,9,September,Saturday,3
251,20260913,2026-09-13,2026,9,September,Sunday,3
252,20260914,2026-09-14,2026,9,September,Monday,3
253,20260915,2026-09-15,2026,9,September,Tuesday,3
254,20260916,2026-09-16,2026,9,September,Wednesday,3
255,20260917,2026-09-17,2026,9,September,Thursday,3
256,20260918,2026-09-18,2026,9,September,Friday,3
257,20260919,2026-09-19,2026,9,September,Saturday,3
258,20260920,2026-09-20,2026,9,September,Sunday,3
259,20260921,2026-09-21,2026,9,September,Monday,3
260,20260922,2026-09-22,2026,9,September,Tuesday,3
261,20260923,2026-09-23,2026,9,September,Wednesday,3
262,20260924,2026-09-24,2026,9,September,Thursday,3
263,20260925,2026-09-25,2026,9,September,Friday,3
264,20260926,2026-09-26,2026,9,September,Saturday,3
265,20260927,2026-09-27,2026,9,September,Sunday,3
266,20260929,2026-09-29,2026,9,September,Tuesday,3
267,20260930,2026-09-30,2026,9,September,Wednesday,3
268,20261001,2026-10-01,2026,10,October,Thursday,4
269,20261002,2026-10-02,2026,10,October,Friday,4
270,20261003,2026-10-03,2026,10,October,Saturday,4
271,20261004,2026-10-04,2026,10,October,Sunday,4
272,20261005,2026-10-05,2026,10,October,Monday,4
273,20261006,2026-10-06,2026,10,October,Tuesday,4
274,20261007,2026-10-07,2026,10,October,Wednesday,4
275,20261008,2026-10-08,2026,10,October,Thursday,4
276,20261009,2026-10-09,2026,10,October,Friday,4
277,20261010,2026-10-10,2026,10,October,Saturday,4
278,20261011,2026-10-11,2026,10,October,Sunday,4
279,20261012,2026-10-12,2026,10,October,Monday,4
280,20261013,2026-10-13,2026,10,October,Tuesday,4
281,20261014,2026-10-14,2026,10,October,Wednesday,4
282,20261015,2026-10-15,2026,10,October,Thursday,4
283,20261016,2026-10-16,2026,10,October,Friday,4
284,20261017,2026-10-17,2026,10,October,Saturday,4
285,20261018,2026-10-18,2026,10,October,Sunday,4
286,20261019,2026-10-19,2026,10,October,Monday,4
287,20261020,2026-10-20,2026,10,October,Tuesday,4
288,20261021,2026-10-21,2026,10,October,Wednesday,4
289,20261022,2026-10-22,2026,10,October,Thursday,4
290,20261023,2026-10-23,2026,10,October,Friday,4
291,20261024,2026-10-24,2026,10,October,Saturday,4
292,20261025,2026-10-25,2026,10,October,Sunday,4
293,20261026,2026-10-26,2026,10,October,Monday,4
294,20261027,2026-10-27,2026,10,October,Tuesday,4
295,20261028,2026-10-28,2026,10,October,Wednesday,4
296,20261029,2026-10-29,2026,10,October,Thursday,4
297,20261030,2026-10-30,2026,10,October,Friday,4
298,20261031,2026-10-31,2026,10,October,Saturday,4
299,20261101,2026-11-01,2026,11,November,Sunday,4
300,20261102,2026-11-02,2026,11,November,Monday,4
301,20261103,2026-11-03,2026,11,November,Tuesday,4
302,20261104,2026-11-04,2026,11,November,Wednesday,4
303,20261105,2026-11-05,2026,11,November,Thursday,4
304,20261106,2026-11-06,2026,11,November,Friday,4
305,20261107,2026-11-07,2026,11,November,Saturday,4
306,20261108,2026-11-08,2026,11,November,Sunday,4
307,20261109,2026-11-09,2026,11,November,Monday,4
308,20261110,2026-11-10,2026,11,November,Tuesday,4
309,20261111,2026-11-11,2026,11,November,Wednesday,4
310,20261112,2026-11-12,2026,11,November,Thursday,4
311,20261113,2026-11-13,2026,11,November,Friday,4
312,20261114,2026-11-14,2026,11,November,Saturday,4
313,20261115,2026-11-15,2026,11,November,Sunday,4
314,20261116,2026-11-16,2026,11,November,Monday,4
315,20261117,2026-11-17,2026,11,November,Tuesday,4
316,20261118,2026-11-18,2026,11,November,Wednesday,4
317,20261119,2026-11-19,2026,11,November,Thursday,4
318,20261120,2026-11-20,2026,11,November,Friday,4
319,20261121,2026-11-21,2026,11,November,Saturday,4
320,20261122,2026-11-22,2026,11,November,Sunday,4
321,20261123,2026-11-23,2026,11,November,Monday,4
322,20261124,2026-11-24,2026,11,November,Tuesday,4
323,20261125,2026-11-25,2026,11,November,Wednesday,4
324,20261126,2026-11-26,2026,11,November,Thursday,4
325,20261127,2026-11-27,2026,11,November,Friday,4
326,20261128,2026-11-28,2026,11,November,Saturday,4
327,20261129,2026-11-29,2026,11,November,Sunday,4
328,20261130,2026-11-30,2026,11,November,Monday,4
329,20261201,2026-12-01,2026,12,December,Tuesday,4
330,20261202,2026-12-02,2026,12,December,Wednesday,4
331,20261203,2026-12-03,2026,12,December,Thursday,4
332,20261204,2026-12-04,2026,12,December,Friday,4
333,20261205,2026-12-05,2026,12,December,Saturday,4
334,20261206,2026-12-06,2026,12,December,Sunday,4
335,20261207,2026-12-07,2026,12,December,Monday,4
336,20261208,2026-12-08,2026,12,December,Tuesday,4
337,20261209,2026-12-09,2026,12,December,Wednesday,4
338,20261210,2026-12-10,2026,12,December,Thursday,4
339,20261211,2026-12-11,2026,12,December,Friday,4
340,20261212,2026-12-12,2026,12,December,Saturday,4
341,20261213,2026-12-13,2026,12,December,Sunday,4
342,20261214,2026-12-14,2026,12,December,Monday,4
343,20261215,2026-12-15,2026,12,December,Tuesday,4
344,20261216,2026-12-16,2026,12,December,Wednesday,4
345,20261217,2026-12-17,2026,12,December,Thursday,4
346,20261218,2026-12-18,2026,12,December,Friday,4
347,20261219,2026-12-19,2026,12,December,Saturday,4
348,20261220,2026-12-20,2026,12,December,Sunday,4
349,20261221,2026-12-21,2026,12,December,Monday,4
350,20261222,2026-12-22,2026,12,December,Tuesday,4
351,20261223,2026-12-23,2026,12,December,Wednesday,4
352,20261224,2026-12-24,2026,12,December,Thursday,4
353,20261225,2026-12-25,2026,12,December,Friday,4
354,20261226,2026-12-26,2026,12,December,Saturday,4
355,20261227,2026-12-27,2026,12,December,Sunday,4
356,20261228,2026-12-28,2026,12,December,Monday,4
357,20261229,2026-12-29,2026,12,December,Tuesday,4
358,20261230,2026-12-30,2026,12,December,Wednesday,4
359,20261231,2026-12-31,2026,12,December,Thursday,4
