transaction_id,customer_key,product_key,store_key,date_id,quantity,unit_price,discount_rate,sales_amount,cost_amount,profit
T000001,26,13,5,20260812,6,175,0.1,945.0,420,525.0
T000002,145,9,1,20261227,4,125,0.2,400.0,192,208.0
T000003,74,14,5,20260216,3,155,0.1,418.5,186,232.5
T000004,74,4,5,20260101,1,120,0.0,120.0,45,75.0
T000005,126,2,4,20260628,3,100,0.1,270.0,120,150.0
T000006,132,14,3,20261031,5,155,0.15,658.75,310,348.75
T000007,55,14,3,20260323,4,155,0.1,558.0,248,310.0
T000008,21,11,1,20260326,8,135,0.2,864.0,416,448.0
T000009,84,2,7,20261015,6,100,0.0,600.0,240,360.0
T000010,23,15,4,20260725,7,130,0.2,728.0,336,392.0
T000011,78,4,3,20260113,5,120,0.1,540.0,225,315.0
T000012,98,3,5,20261007,4,110,0.1,396.0,168,228.0
T000013,9,10,5,20260306,6,115,0.15,586.5,264,322.5
T000014,116,3,5,20260617,9,110,0.2,792.0,378,414.0
T000015,113,8,2,20260615,5,130,0.15,552.5,250,302.5
T000016,119,6,2,20260429,4,160,0.15,544.0,260,284.0
T000017,40,5,3,20260409,3,140,0.0,420.0,165,255.0
T000018,90,9,5,20260617,3,125,0.0,375.0,144,231.0
T000019,27,5,2,20260617,3,140,0.2,336.0,165,171.0
T000020,39,7,2,20260222,3,150,0.05,427.5,180,247.5
T000021,51,5,4,20260602,2,140,0.2,224.0,110,114.0
T000022,100,4,3,20260224,8,120,0.0,960.0,360,600.0
T000023,112,14,4,20260107,4,155,0.15,527.0,248,279.0
T000024,6,8,3,20261120,3,130,0.05,370.5,150,220.5
T000025,2,7,6,20261106,4,150,0.1,540.0,240,300.0
T000026,108,10,5,20261225,4,115,0.2,368.0,176,192.0
T000027,150,11,7,20261201,4,135,0.2,432.0,208,224.0
T000028,117,2,6,20260403,7,100,0.05,665.0,280,385.0
T000029,26,12,6,20260514,7,145,0.0,1015.0,392,623.0
T000030,41,12,6,20260724,5,145,0.1,652.5,280,372.5
T000031,105,1,4,20260905,9,90,0.2,648.0,315,333.0
T000032,84,3,7,20261205,1,110,0.1,99.0,42,57.0
T000033,65,1,1,20260908,9,90,0.0,810.0,315,495.0
T000034,52,13,6,20260324,9,175,0.05,1496.25,630,866.25
T000035,117,10,7,20260221,9,115,0.0,1035.0,396,639.0
T000036,95,1,5,20260901,9,90,0.05,769.5,315,454.5
T000037,54,8,6,20260730,3,130,0.1,351.0,150,201.0
T000038,32,15,7,20260921,10,130,0.05,1235.0,480,755.0
T000039,71,5,1,20261123,7,140,0.1,882.0,385,497.0
T000040,108,2,1,20260201,7,100,0.2,560.0,280,280.0
T000041,149,6,6,20261224,5,160,0.0,800.0,325,475.0
T000042,103,12,3,20260425,9,145,0.0,1305.0,504,801.0
T000043,43,4,4,20260720,3,120,0.0,360.0,135,225.0
T000044,144,8,2,20261121,4,130,0.0,520.0,200,320.0
T000045,106,11,6,20260630,8,135,0.05,1026.0,416,610.0
T000046,121,3,6,20261008,6,110,0.0,660.0,252,408.0
T000047,65,7,6,20260517,7,150,0.2,840.0,420,420.0
T000048,72,1,4,20260406,6,90,0.0,540.0,210,330.0
T000049,123,6,3,20261202,8,160,0.1,1152.0,520,632.0
T000050,93,2,6,20261116,3,100,0.05,285.0,120,165.0
T000051,145,2,1,20260717,6,100,0.0,600.0,240,360.0
T000052,150,6,7,20260929,1,160,0.2,128.0,65,63.0
T000053,76,2,2,20260106,5,100,0.15,425.0,200,225.0
T000054,60,3,5,20260221,3,110,0.1,297.0,126,171.0
T000055,54,3,7,20260627,7,110,0.15,654.5,294,360.5
T000056,24,15,5,20260327,9,130,0.2,936.0,432,504.0
T000057,55,8,2,20260602,9,130,0.0,1170.0,450,720.0
T000058,30,15,6,20260813,9,130,0.0,1170.0,432,738.0
T000059,36,4,4,20260516,8,120,0.1,864.0,360,504.0
T000060,120,8,1,20261013,3,130,0.2,312.0,150,162.0
T000061,43,8,2,20260909,9,130,0.15,994.5,450,544.5
T000062,83,14,2,20260104,8,155,0.2,992.0,496,496.0
T000063,76,11,4,20261016,8,135,0.05,1026.0,416,610.0
T000064,20,11,4,20260807,3,135,0.2,324.0,156,168.0
T000065,8,11,6,20260704,1,135,0.15,114.75,52,62.75
T000066,85,12,6,20260124,2,145,0.15,246.5,112,134.5
T000067,37,13,4,20260905,1,175,0.0,175.0,70,105.0
T000068,87,3,6,20260801,2,110,0.2,176.0,84,92.0
T000069,135,8,3,20260707,9,130,0.0,1170.0,450,720.0
T000070,109,6,4,20260526,5,160,0.15,680.0,325,355.0
T000071,75,5,7,20260127,6,140,0.1,756.0,330,426.0
T000072,70,9,3,20260726,9,125,0.05,1068.75,432,636.75
T000073,31,8,6,20260415,6,130,0.0,780.0,300,480.0
T000074,33,5,6,20260612,10,140,0.2,1120.0,550,570.0
T000075,103,1,7,20260214,9,90,0.1,729.0,315,414.0
T000076,103,1,5,20261007,5,90,0.0,450.0,175,275.0
T000077,122,4,1,20260104,10,120,0.2,960.0,450,510.0
T000078,140,9,7,20260131,10,125,0.1,1125.0,480,645.0
T000079,22,11,2,20261112,4,135,0.0,540.0,208,332.0
T000080,45,8,6,20261208,2,130,0.2,208.0,100,108.0
T000081,108,1,7,20260403,2,90,0.2,144.0,70,74.0
T000082,36,14,3,20260107,5,155,0.15,658.75,310,348.75
T000083,78,14,3,20261230,3,155,0.1,418.5,186,232.5
T000084,111,1,3,20260118,10,90,0.2,720.0,350,370.0
T000085,146,8,1,20261024,9,130,0.0,1170.0,450,720.0
T000086,108,13,7,20260302,10,175,0.2,1400.0,700,700.0
T000087,4,2,4,20260727,7,100,0.15,595.0,280,315.0
T000088,122,3,6,20261031,7,110,0.15,654.5,294,360.5
T000089,121,11,1,20260222,4,135,0.0,540.0,208,332.0
T000090,2,7,1,20261117,1,150,0.2,120.0,60,60.0
T000091,23,14,1,20261209,4,155,0.0,620.0,248,372.0
T000092,71,1,4,20260308,10,90,0.0,900.0,350,550.0
T000093,48,12,6,20260819,1,145,0.05,137.75,56,81.75
T000094,22,3,7,20261222,5,110,0.2,440.0,210,230.0
T000095,118,8,6,20261013,5,130,0.0,650.0,250,400.0
T000096,4,1,1,20260117,10,90,0.0,900.0,350,550.0
T000097,43,5,3,20260719,8,140,0.15,952.0,440,512.0
T000098,148,6,3,20260131,8,160,0.1,1152.0,520,632.0
T000099,30,3,2,20261213,6,110,0.2,528.0,252,276.0
T000100,107,13,6,20260325,8,175,0.1,1260.0,560,700.0
T000101,146,13,3,20260820,6,175,0.05,997.5,420,577.5
T000102,86,10,1,20260524,10,115,0.2,920.0,440,480.0
T000103,80,3,7,20260108,10,110,0.1,990.0,420,570.0
T000104,97,7,4,20260507,10,150,0.0,1500.0,600,900.0
T000105,1,12,3,20260820,6,145,0.05,826.5,336,490.5
T000106,11,3,4,20260518,5,110,0.0,550.0,210,340.0
T000107,141,5,2,20261020,8,140,0.05,1064.0,440,624.0
T000108,142,9,1,20261001,8,125,0.1,900.0,384,516.0
T000109,60,13,7,20260413,5,175,0.15,743.75,350,393.75
T000110,120,7,6,20260130,4,150,0.05,570.0,240,330.0
T000111,99,1,7,20261028,8,90,0.15,612.0,280,332.0
T000112,91,13,5,20260214,2,175,0.0,350.0,140,210.0
T000113,67,9,5,20260723,9,125,0.05,1068.75,432,636.75
T000114,52,10,5,20260902,4,115,0.0,460.0,176,284.0
T000115,75,3,1,20260409,6,110,0.15,561.0,252,309.0
T000116,133,7,3,20261016,3,150,0.0,450.0,180,270.0
T000117,28,6,4,20260123,6,160,0.2,768.0,390,378.0
T000118,40,2,7,20260826,6,100,0.15,510.0,240,270.0
T000119,133,5,3,20260116,10,140,0.0,1400.0,550,850.0
T000120,145,4,1,20260218,8,120,0.15,816.0,360,456.0
T000121,72,5,2,20261018,7,140,0.0,980.0,385,595.0
T000122,34,10,7,20260817,5,115,0.0,575.0,220,355.0
T000123,97,3,2,20260623,2,110,0.0,220.0,84,136.0
T000124,95,9,1,20260127,8,125,0.1,900.0,384,516.0
T000125,102,10,7,20260202,2,115,0.2,184.0,88,96.0
T000126,145,6,3,20260216,4,160,0.2,512.0,260,252.0
T000127,101,9,6,20260215,3,125,0.1,337.5,144,193.5
T000128,57,4,3,20260323,3,120,0.0,360.0,135,225.0
T000129,142,1,3,20260512,1,90,0.0,90.0,35,55.0
T000130,124,9,7,20260513,1,125,0.0,125.0,48,77.0
T000131,2,13,3,20260316,4,175,0.2,560.0,280,280.0
T000132,113,10,5,20260602,2,115,0.1,207.0,88,119.0
T000133,100,5,3,20260615,2,140,0.05,266.0,110,156.0
T000134,113,3,4,20260904,4,110,0.0,440.0,168,272.0
T000135,50,8,1,20261213,1,130,0.0,130.0,50,80.0
T000136,96,15,1,20260423,3,130,0.1,351.0,144,207.0
T000137,6,14,4,20260219,2,155,0.1,279.0,124,155.0
T000138,60,14,3,20260623,8,155,0.0,1240.0,496,744.0
T000139,85,3,3,20261118,4,110,0.2,352.0,168,184.0
T000140,116,12,2,20260130,9,145,0.0,1305.0,504,801.0
T000141,69,3,7,20260813,7,110,0.1,693.0,294,399.0
T000142,70,1,2,20260507,10,90,0.05,855.0,350,505.0
T000143,67,3,7,20260621,8,110,0.0,880.0,336,544.0
T000144,124,15,4,20260612,2,130,0.0,260.0,96,164.0
T000145,55,11,1,20260920,9,135,0.1,1093.5,468,625.5
T000146,52,5,1,20260527,6,140,0.1,756.0,330,426.0
T000147,61,15,2,20260514,2,130,0.1,234.0,96,138.0
T000148,42,15,4,20260529,1,130,0.2,104.0,48,56.0
T000149,5,11,2,20260531,8,135,0.15,918.0,416,502.0
T000150,114,3,5,20260624,1,110,0.15,93.5,42,51.5
T000151,112,6,2,20260527,1,160,0.1,144.0,65,79.0
T000152,47,10,3,20260422,3,115,0.0,345.0,132,213.0
T000153,45,4,7,20260925,4,120,0.15,408.0,180,228.0
T000154,127,2,7,20260210,5,100,0.0,500.0,200,300.0
T000155,50,10,2,20260416,10,115,0.05,1092.5,440,652.5
T000156,134,2,1,20260414,7,100,0.2,560.0,280,280.0
T000157,89,13,5,20260129,6,175,0.05,997.5,420,577.5
T000158,24,8,7,20261124,1,130,0.1,117.0,50,67.0
T000159,69,14,2,20260902,4,155,0.0,620.0,248,372.0
T000160,10,6,7,20261016,3,160,0.2,384.0,195,189.0
T000161,2,10,5,20260710,6,115,0.15,586.5,264,322.5
T000162,31,2,5,20260817,6,100,0.2,480.0,240,240.0
T000163,83,14,7,20260506,7,155,0.15,922.25,434,488.25
T000164,28,14,3,20260201,8,155,0.1,1116.0,496,620.0
T000165,138,9,1,20260920,3,125,0.0,375.0,144,231.0
T000166,47,4,1,20260505,3,120,0.0,360.0,135,225.0
T000167,8,9,3,20260609,1,125,0.0,125.0,48,77.0
T000168,67,4,6,20261224,1,120,0.15,102.0,45,57.0
T000169,134,8,5,20261123,4,130,0.2,416.0,200,216.0
T000170,25,6,1,20260816,3,160,0.0,480.0,195,285.0
T000171,127,8,1,20260520,10,130,0.15,1105.0,500,605.0
T000172,32,2,1,20260524,7,100,0.0,700.0,280,420.0
T000173,59,4,5,20261005,3,120,0.2,288.0,135,153.0
T000174,102,12,4,20261021,3,145,0.0,435.0,168,267.0
T000175,108,12,4,20261122,10,145,0.15,1232.5,560,672.5
T000176,14,7,1,20260927,6,150,0.05,855.0,360,495.0
T000177,86,14,2,20260725,7,155,0.15,922.25,434,488.25
T000178,144,7,7,20260614,1,150,0.05,142.5,60,82.5
T000179,91,11,2,20260922,4,135,0.1,486.0,208,278.0
T000180,94,1,6,20261206,2,90,0.15,153.0,70,83.0
T000181,111,6,1,20260406,4,160,0.15,544.0,260,284.0
T000182,36,4,1,20261209,7,120,0.1,756.0,315,441.0
T000183,11,1,6,20260821,1,90,0.2,72.0,35,37.0
T000184,70,15,3,20261114,9,130,0.0,1170.0,432,738.0
T000185,32,5,1,20261115,9,140,0.0,1260.0,495,765.0
T000186,74,1,2,20260811,2,90,0.05,171.0,70,101.0
T000187,31,3,6,20260627,1,110,0.15,93.5,42,51.5
T000188,120,2,3,20260921,10,100,0.15,850.0,400,450.0
T000189,131,2,4,20260317,3,100,0.05,285.0,120,165.0
T000190,71,5,5,20260728,4,140,0.2,448.0,220,228.0
T000191,74,9,6,20260214,8,125,0.15,850.0,384,466.0
T000192,99,4,5,20261222,4,120,0.15,408.0,180,228.0
T000193,141,8,3,20261230,5,130,0.15,552.5,250,302.5
T000194,80,14,4,20260902,1,155,0.0,155.0,62,93.0
T000195,132,4,2,20260620,9,120,0.1,972.0,405,567.0
T000196,91,1,4,20261027,3,90,0.0,270.0,105,165.0
T000197,126,6,5,20260615,5,160,0.05,760.0,325,435.0
T000198,6,1,3,20260421,3,90,0.15,229.5,105,124.5
T000199,90,14,5,20260204,8,155,0.2,992.0,496,496.0
T000200,113,7,5,20260201,6,150,0.2,720.0,360,360.0
T000201,40,4,5,20260225,7,120,0.05,798.0,315,483.0
T000202,52,3,3,20261209,10,110,0.15,935.0,420,515.0
T000203,133,14,7,20260522,2,155,0.2,248.0,124,124.0
T000204,33,13,3,20260901,7,175,0.0,1225.0,490,735.0
T000205,141,13,4,20260103,10,175,0.0,1750.0,700,1050.0
T000206,39,10,4,20260912,7,115,0.05,764.75,308,456.75
T000207,98,2,5,20261115,8,100,0.2,640.0,320,320.0
T000208,91,12,3,20260823,5,145,0.05,688.75,280,408.75
T000209,99,9,5,20260720,6,125,0.0,750.0,288,462.0
T000210,77,8,4,20260913,3,130,0.15,331.5,150,181.5
T000211,112,3,7,20260605,10,110,0.1,990.0,420,570.0
T000212,85,2,2,20261025,6,100,0.15,510.0,240,270.0
T000213,110,4,3,20260505,1,120,0.0,120.0,45,75.0
T000214,128,10,3,20260125,5,115,0.15,488.75,220,268.75
T000215,112,10,5,20260609,9,115,0.15,879.75,396,483.75
T000216,119,7,4,20261217,6,150,0.0,900.0,360,540.0
T000217,116,6,6,20261101,1,160,0.2,128.0,65,63.0
T000218,26,4,5,20260204,7,120,0.05,798.0,315,483.0
T000219,144,11,4,20260914,10,135,0.0,1350.0,520,830.0
T000220,103,8,4,20260407,8,130,0.15,884.0,400,484.0
T000221,136,12,3,20261028,2,145,0.0,290.0,112,178.0
T000222,20,6,3,20260705,5,160,0.15,680.0,325,355.0
T000223,76,11,1,20260331,6,135,0.15,688.5,312,376.5
T000224,135,3,6,20260804,5,110,0.15,467.5,210,257.5
T000225,49,15,5,20260417,7,130,0.0,910.0,336,574.0
T000226,28,10,6,20260131,6,115,0.15,586.5,264,322.5
T000227,11,12,6,20261120,7,145,0.0,1015.0,392,623.0
T000228,142,12,3,20260102,1,145,0.05,137.75,56,81.75
T000229,4,2,7,20260723,1,100,0.0,100.0,40,60.0
T000230,142,13,4,20260331,10,175,0.05,1662.5,700,962.5
T000231,37,9,5,20261128,10,125,0.0,1250.0,480,770.0
T000232,38,2,5,20260730,3,100,0.15,255.0,120,135.0
T000233,26,1,1,20260918,2,90,0.0,180.0,70,110.0
T000234,120,14,4,20260925,10,155,0.1,1395.0,620,775.0
T000235,149,1,6,20260201,6,90,0.0,540.0,210,330.0
T000236,44,5,3,20260502,1,140,0.05,133.0,55,78.0
T000237,150,14,1,20261118,2,155,0.05,294.5,124,170.5
T000238,99,10,4,20260409,1,115,0.0,115.0,44,71.0
T000239,12,10,4,20260423,8,115,0.0,920.0,352,568.0
T000240,58,4,2,20261114,1,120,0.0,120.0,45,75.0
T000241,81,3,7,20261028,1,110,0.1,99.0,42,57.0
T000242,65,10,4,20260605,8,115,0.0,920.0,352,568.0
T000243,150,7,6,20260505,4,150,0.1,540.0,240,300.0
T000244,125,15,4,20260608,1,130,0.0,130.0,48,82.0
T000245,92,3,2,20260214,7,110,0.0,770.0,294,476.0
T000246,144,7,3,20260104,6,150,0.0,900.0,360,540.0
T000247,99,14,5,20260621,6,155,0.1,837.0,372,465.0
T000248,109,2,1,20261130,6,100,0.15,510.0,240,270.0
T000249,120,4,4,20260506,5,120,0.05,570.0,225,345.0
T000250,72,1,4,20260502,1,90,0.05,85.5,35,50.5
T000251,34,12,2,20260321,2,145,0.0,290.0,112,178.0
T000252,33,14,5,20260519,9,155,0.1,1255.5,558,697.5
T000253,62,13,7,20260828,3,175,0.05,498.75,210,288.75
T000254,104,12,2,20260630,7,145,0.2,812.0,392,420.0
T000255,122,5,2,20261025,9,140,0.0,1260.0,495,765.0
T000256,34,8,7,20260427,5,130,0.15,552.5,250,302.5
T000257,137,6,5,20260814,4,160,0.1,576.0,260,316.0
T000258,33,4,5,20261108,2,120,0.2,192.0,90,102.0
T000259,70,9,1,20260920,7,125,0.0,875.0,336,539.0
T000260,38,10,6,20261203,5,115,0.0,575.0,220,355.0
T000261,46,2,6,20260719,4,100,0.05,380.0,160,220.0
T000262,28,15,6,20260407,2,130,0.15,221.0,96,125.0
T000263,77,9,7,20260705,4,125,0.0,500.0,192,308.0
T000264,74,4,1,20260609,3,120,0.2,288.0,135,153.0
T000265,104,6,3,20260724,8,160,0.2,1024.0,520,504.0
T000266,34,14,7,20261118,5,155,0.0,775.0,310,465.0
T000267,90,11,3,20260116,7,135,0.0,945.0,364,581.0
T000268,119,12,6,20261204,4,145,0.1,522.0,224,298.0
T000269,47,2,6,20260630,5,100,0.0,500.0,200,300.0
T000270,57,12,5,20260519,1,145,0.1,130.5,56,74.5
T000271,111,3,5,20260121,4,110,0.05,418.0,168,250.0
T000272,11,12,4,20260321,9,145,0.05,1239.75,504,735.75
T000273,145,3,6,20261119,4,110,0.15,374.0,168,206.0
T000274,66,9,6,20260912,7,125,0.2,700.0,336,364.0
T000275,1,6,5,20261217,2,160,0.2,256.0,130,126.0
T000276,150,15,1,20260527,10,130,0.2,1040.0,480,560.0
T000277,29,11,2,20260125,1,135,0.05,128.25,52,76.25
T000278,89,15,7,20260418,2,130,0.1,234.0,96,138.0
T000279,57,7,6,20261222,5,150,0.15,637.5,300,337.5
T000280,114,7,3,20260216,6,150,0.2,720.0,360,360.0
T000281,116,12,6,20260915,9,145,0.0,1305.0,504,801.0
T000282,110,4,6,20261213,9,120,0.0,1080.0,405,675.0
T000283,12,4,7,20260908,9,120,0.05,1026.0,405,621.0
T000284,61,3,5,20260331,9,110,0.05,940.5,378,562.5
T000285,92,3,1,20260508,6,110,0.1,594.0,252,342.0
T000286,80,11,2,20260217,3,135,0.0,405.0,156,249.0
T000287,124,8,6,20261218,4,130,0.2,416.0,200,216.0
T000288,114,9,1,20260504,3,125,0.2,300.0,144,156.0
T000289,35,5,6,20260629,3,140,0.15,357.0,165,192.0
T000290,31,6,2,20261016,9,160,0.1,1296.0,585,711.0
T000291,40,11,6,20260328,10,135,0.1,1215.0,520,695.0
T000292,30,4,7,20260727,5,120,0.0,600.0,225,375.0
T000293,12,4,4,20260704,1,120,0.05,114.0,45,69.0
T000294,80,2,2,20260605,8,100,0.0,800.0,320,480.0
T000295,120,8,3,20260324,10,130,0.05,1235.0,500,735.0
T000296,19,9,2,20260529,1,125,0.0,125.0,48,77.0
T000297,22,8,7,20260828,6,130,0.2,624.0,300,324.0
T000298,126,2,3,20261016,7,100,0.1,630.0,280,350.0
T000299,83,9,7,20260408,1,125,0.05,118.75,48,70.75
T000300,65,5,6,20260216,4,140,0.0,560.0,220,340.0
T000301,7,1,6,20260312,7,90,0.0,630.0,245,385.0
T000302,135,3,3,20260601,3,110,0.0,330.0,126,204.0
T000303,84,10,6,20260608,7,115,0.0,805.0,308,497.0
T000304,82,6,7,20261128,4,160,0.05,608.0,260,348.0
T000305,95,15,5,20260311,5,130,0.0,650.0,240,410.0
T000306,146,2,1,20260130,7,100,0.0,700.0,280,420.0
T000307,128,7,4,20260421,3,150,0.05,427.5,180,247.5
T000308,21,11,5,20261105,3,135,0.2,324.0,156,168.0
T000309,114,3,2,20260427,7,110,0.0,770.0,294,476.0
T000310,123,8,7,20260121,4,130,0.0,520.0,200,320.0
T000311,131,1,1,20260710,7,90,0.0,630.0,245,385.0
T000312,15,11,1,20260526,9,135,0.2,972.0,468,504.0
T000313,113,2,3,20260804,1,100,0.2,80.0,40,40.0
T000314,97,3,6,20260401,5,110,0.0,550.0,210,340.0
T000315,90,10,7,20260815,10,115,0.0,1150.0,440,710.0
T000316,83,9,1,20260829,9,125,0.1,1012.5,432,580.5
T000317,40,15,5,20260808,7,130,0.15,773.5,336,437.5
T000318,16,13,1,20261114,6,175,0.15,892.5,420,472.5
T000319,147,10,3,20261204,7,115,0.05,764.75,308,456.75
T000320,36,11,6,20260904,5,135,0.05,641.25,260,381.25
T000321,49,1,6,20260929,4,90,0.2,288.0,140,148.0
T000322,38,2,6,20260818,10,100,0.05,950.0,400,550.0
T000323,93,7,5,20261012,9,150,0.0,1350.0,540,810.0
T000324,67,7,4,20261017,2,150,0.0,300.0,120,180.0
T000325,29,9,2,20260403,4,125,0.05,475.0,192,283.0
T000326,136,4,1,20261129,5,120,0.2,480.0,225,255.0
T000327,118,9,2,20260908,4,125,0.15,425.0,192,233.0
T000328,132,2,6,20261021,10,100,0.15,850.0,400,450.0
T000329,19,7,7,20260211,8,150,0.0,1200.0,480,720.0
T000330,30,9,5,20260915,9,125,0.0,1125.0,432,693.0
T000331,101,11,7,20260824,9,135,0.0,1215.0,468,747.0
T000332,24,8,5,20260409,3,130,0.05,370.5,150,220.5
T000333,61,7,1,20261113,1,150,0.05,142.5,60,82.5
T000334,55,12,1,20260122,8,145,0.05,1102.0,448,654.0
T000335,110,3,6,20260303,2,110,0.15,187.0,84,103.0
T000336,91,2,5,20260414,3,100,0.05,285.0,120,165.0
T000337,3,13,7,20260624,5,175,0.0,875.0,350,525.0
T000338,135,9,3,20260503,6,125,0.2,600.0,288,312.0
T000339,91,14,1,20260908,2,155,0.05,294.5,124,170.5
T000340,29,13,3,20261009,1,175,0.2,140.0,70,70.0
T000341,50,6,3,20260505,8,160,0.0,1280.0,520,760.0
T000342,6,2,4,20261025,8,100,0.0,800.0,320,480.0
T000343,48,5,7,20260207,3,140,0.15,357.0,165,192.0
T000344,98,11,7,20260529,3,135,0.15,344.25,156,188.25
T000345,69,12,5,20260509,8,145,0.0,1160.0,448,712.0
T000346,125,3,3,20260113,9,110,0.1,891.0,378,513.0
T000347,10,14,7,20260117,2,155,0.0,310.0,124,186.0
T000348,101,11,7,20261114,8,135,0.0,1080.0,416,664.0
T000349,101,8,7,20261221,4,130,0.15,442.0,200,242.0
T000350,85,6,1,20260922,9,160,0.0,1440.0,585,855.0
T000351,12,10,2,20260609,4,115,0.0,460.0,176,284.0
T000352,85,8,6,20260704,10,130,0.1,1170.0,500,670.0
T000353,2,6,3,20260718,6,160,0.15,816.0,390,426.0
T000354,6,4,3,20260905,4,120,0.1,432.0,180,252.0
T000355,38,11,1,20261108,3,135,0.05,384.75,156,228.75
T000356,129,2,3,20260716,5,100,0.05,475.0,200,275.0
T000357,150,9,5,20261019,3,125,0.2,300.0,144,156.0
T000358,25,15,5,20260118,4,130,0.1,468.0,192,276.0
T000359,26,11,5,20261121,6,135,0.05,769.5,312,457.5
T000360,37,13,7,20260502,2,175,0.05,332.5,140,192.5
T000361,131,6,6,20260624,4,160,0.05,608.0,260,348.0
T000362,86,7,6,20261009,1,150,0.2,120.0,60,60.0
T000363,124,6,6,20260622,9,160,0.05,1368.0,585,783.0
T000364,90,4,7,20260505,3,120,0.0,360.0,135,225.0
T000365,117,15,1,20260416,7,130,0.1,819.0,336,483.0
T000366,78,13,5,20260722,3,175,0.15,446.25,210,236.25
T000367,79,5,2,20260203,5,140,0.2,560.0,275,285.0
T000368,88,11,5,20261020,2,135,0.0,270.0,104,166.0
T000369,46,10,1,20261026,5,115,0.15,488.75,220,268.75
T000370,110,6,4,20260630,2,160,0.1,288.0,130,158.0
T000371,66,5,2,20260613,9,140,0.0,1260.0,495,765.0
T000372,61,5,6,20260326,1,140,0.0,140.0,55,85.0
T000373,52,8,4,20260125,10,130,0.05,1235.0,500,735.0
T000374,51,2,6,20260914,4,100,0.2,320.0,160,160.0
T000375,13,10,2,20260130,2,115,0.0,230.0,88,142.0
T000376,35,12,3,20261022,1,145,0.0,145.0,56,89.0
T000377,4,11,5,20260519,6,135,0.0,810.0,312,498.0
T000378,7,6,3,20260419,8,160,0.1,1152.0,520,632.0
T000379,87,13,6,20261109,3,175,0.0,525.0,210,315.0
T000380,23,1,7,20260801,10,90,0.05,855.0,350,505.0
T000381,66,7,5,20260911,8,150,0.0,1200.0,480,720.0
T000382,81,10,3,20260114,1,115,0.1,103.5,44,59.5
T000383,85,12,6,20261111,3,145,0.0,435.0,168,267.0
T000384,37,4,2,20260110,9,120,0.0,1080.0,405,675.0
T000385,109,6,7,20260703,6,160,0.15,816.0,390,426.0
T000386,143,14,5,20261215,3,155,0.2,372.0,186,186.0
T000387,59,6,5,20261105,10,160,0.05,1520.0,650,870.0
T000388,9,13,4,20261231,5,175,0.2,700.0,350,350.0
T000389,144,8,6,20261009,5,130,0.05,617.5,250,367.5
T000390,34,5,5,20260925,5,140,0.0,700.0,275,425.0
T000391,93,2,4,20261013,3,100,0.2,240.0,120,120.0
T000392,24,13,4,20260427,1,175,0.15,148.75,70,78.75
T000393,140,1,1,20260310,9,90,0.0,810.0,315,495.0
T000394,67,3,7,20261012,10,110,0.05,1045.0,420,625.0
T000395,42,14,2,20260318,9,155,0.0,1395.0,558,837.0
T000396,63,12,7,20260629,8,145,0.1,1044.0,448,596.0
T000397,89,15,6,20260420,7,130,0.1,819.0,336,483.0
T000398,7,13,3,20260419,2,175,0.2,280.0,140,140.0
T000399,103,13,1,20260108,6,175,0.0,1050.0,420,630.0
T000400,105,7,5,20260427,7,150,0.2,840.0,420,420.0
T000401,8,4,7,20261118,5,120,0.0,600.0,225,375.0
T000402,62,7,6,20260515,4,150,0.05,570.0,240,330.0
T000403,109,13,3,20260415,5,175,0.05,831.25,350,481.25
T000404,41,10,2,20260913,8,115,0.05,874.0,352,522.0
T000405,73,5,7,20260311,2,140,0.05,266.0,110,156.0
T000406,64,14,4,20260103,3,155,0.05,441.75,186,255.75
T000407,116,10,5,20261216,4,115,0.15,391.0,176,215.0
T000408,93,4,7,20260127,1,120,0.1,108.0,45,63.0
T000409,36,14,4,20260404,5,155,0.2,620.0,310,310.0
T000410,39,2,7,20260113,1,100,0.0,100.0,40,60.0
T000411,91,9,2,20260604,2,125,0.0,250.0,96,154.0
T000412,24,7,6,20260826,7,150,0.05,997.5,420,577.5
T000413,102,12,6,20261125,6,145,0.0,870.0,336,534.0
T000414,4,4,2,20261027,1,120,0.0,120.0,45,75.0
T000415,148,4,5,20260916,7,120,0.2,672.0,315,357.0
T000416,13,1,6,20260223,6,90,0.0,540.0,210,330.0
T000417,35,8,1,20260226,9,130,0.1,1053.0,450,603.0
T000418,139,4,2,20260102,3,120,0.2,288.0,135,153.0
T000419,136,2,5,20261007,6,100,0.1,540.0,240,300.0
T000420,58,4,3,20260209,2,120,0.05,228.0,90,138.0
T000421,68,1,2,20261227,5,90,0.0,450.0,175,275.0
T000422,13,9,2,20260123,7,125,0.15,743.75,336,407.75
T000423,84,1,3,20260705,1,90,0.2,72.0,35,37.0
T000424,141,5,5,20260821,6,140,0.2,672.0,330,342.0
T000425,69,12,7,20260730,7,145,0.1,913.5,392,521.5
T000426,99,7,5,20260612,3,150,0.1,405.0,180,225.0
T000427,37,13,4,20260717,1,175,0.0,175.0,70,105.0
T000428,66,15,5,20261108,10,130,0.2,1040.0,480,560.0
T000429,51,14,2,20260713,2,155,0.0,310.0,124,186.0
T000430,13,1,7,20261114,7,90,0.2,504.0,245,259.0
T000431,114,11,3,20261013,9,135,0.2,972.0,468,504.0
T000432,1,10,4,20260611,8,115,0.2,736.0,352,384.0
T000433,131,8,7,20261128,6,130,0.15,663.0,300,363.0
T000434,97,4,4,20261007,6,120,0.2,576.0,270,306.0
T000435,69,9,4,20260202,10,125,0.2,1000.0,480,520.0
T000436,19,6,7,20261213,9,160,0.2,1152.0,585,567.0
T000437,68,13,5,20260425,5,175,0.1,787.5,350,437.5
T000438,123,10,5,20260628,10,115,0.0,1150.0,440,710.0
T000439,136,15,1,20260314,6,130,0.15,663.0,288,375.0
T000440,94,3,5,20260415,4,110,0.2,352.0,168,184.0
T000441,118,14,2,20260330,3,155,0.2,372.0,186,186.0
T000442,12,15,7,20261130,6,130,0.1,702.0,288,414.0
T000443,110,14,7,20260705,2,155,0.1,279.0,124,155.0
T000444,97,5,6,20260320,2,140,0.05,266.0,110,156.0
T000445,134,13,6,20260702,9,175,0.05,1496.25,630,866.25
T000446,71,2,6,20260820,7,100,0.05,665.0,280,385.0
T000447,116,2,6,20260817,8,100,0.2,640.0,320,320.0
T000448,39,9,7,20260331,1,125,0.2,100.0,48,52.0
T000449,134,8,3,20260308,4,130,0.15,442.0,200,242.0
T000450,98,6,5,20260709,5,160,0.0,800.0,325,475.0
T000451,147,1,2,20261012,5,90,0.0,450.0,175,275.0
T000452,140,5,2,20261030,5,140,0.05,665.0,275,390.0
T000453,113,5,2,20260511,2,140,0.15,238.0,110,128.0
T000454,23,14,4,20261122,4,155,0.0,620.0,248,372.0
T000455,96,5,7,20260805,1,140,0.2,112.0,55,57.0
T000456,11,6,4,20260815,5,160,0.1,720.0,325,395.0
T000457,66,10,6,20260809,6,115,0.0,690.0,264,426.0
T000458,34,10,7,20260717,10,115,0.0,1150.0,440,710.0
T000459,17,6,5,20261231,4,160,0.05,608.0,260,348.0
T000460,115,13,1,20260206,7,175,0.1,1102.5,490,612.5
T000461,7,8,4,20260927,2,130,0.15,221.0,100,121.0
T000462,119,15,4,20261016,7,130,0.1,819.0,336,483.0
T000463,17,15,2,20260831,8,130,0.1,936.0,384,552.0
T000464,3,9,2,20260909,4,125,0.2,400.0,192,208.0
T000465,11,9,4,20260413,5,125,0.15,531.25,240,291.25
T000466,118,7,7,20260619,2,150,0.0,300.0,120,180.0
T000467,147,2,7,20260424,1,100,0.0,100.0,40,60.0
T000468,56,14,1,20260912,10,155,0.1,1395.0,620,775.0
T000469,52,11,7,20260129,6,135,0.1,729.0,312,417.0
T000470,107,12,5,20260129,10,145,0.0,1450.0,560,890.0
T000471,38,1,7,20260728,6,90,0.05,513.0,210,303.0
T000472,48,1,5,20260408,9,90,0.05,769.5,315,454.5
T000473,81,2,3,20260924,7,100,0.05,665.0,280,385.0
T000474,143,5,7,20261206,7,140,0.15,833.0,385,448.0
T000475,79,1,6,20260804,5,90,0.0,450.0,175,275.0
T000476,139,7,7,20260714,5,150,0.05,712.5,300,412.5
T000477,54,1,2,20260414,9,90,0.2,648.0,315,333.0
T000478,126,11,4,20260711,10,135,0.0,1350.0,520,830.0
T000479,52,6,7,20260707,8,160,0.2,1024.0,520,504.0
T000480,81,1,6,20261012,1,90,0.15,76.5,35,41.5
T000481,83,10,4,20260204,1,115,0.05,109.25,44,65.25
T000482,75,8,7,20260423,4,130,0.2,416.0,200,216.0
T000483,117,10,7,20260418,7,115,0.2,644.0,308,336.0
T000484,53,15,2,20260816,1,130,0.0,130.0,48,82.0
T000485,32,11,7,20260811,1,135,0.0,135.0,52,83.0
T000486,128,10,7,20260206,3,115,0.0,345.0,132,213.0
T000487,43,13,6,20261015,8,175,0.0,1400.0,560,840.0
T000488,76,11,6,20261212,4,135,0.15,459.0,208,251.0
T000489,53,13,2,20260323,9,175,0.0,1575.0,630,945.0
T000490,24,4,1,20260827,1,120,0.1,108.0,45,63.0
T000491,66,14,6,20260425,8,155,0.2,992.0,496,496.0
T000492,15,14,2,20260806,3,155,0.0,465.0,186,279.0
T000493,76,8,7,20260323,4,130,0.15,442.0,200,242.0
T000494,40,9,6,20260613,5,125,0.05,593.75,240,353.75
T000495,55,14,5,20260616,3,155,0.2,372.0,186,186.0
T000496,84,1,4,20260429,7,90,0.0,630.0,245,385.0
T000497,140,4,3,20261125,2,120,0.0,240.0,90,150.0
T000498,48,12,2,20260826,7,145,0.05,964.25,392,572.25
T000499,10,2,4,20261214,6,100,0.0,600.0,240,360.0
T000500,135,11,2,20261203,9,135,0.0,1215.0,468,747.0
T000501,5,6,4,20260529,8,160,0.0,1280.0,520,760.0
T000502,78,5,4,20260413,10,140,0.15,1190.0,550,640.0
T000503,52,2,7,20261004,3,100,0.1,270.0,120,150.0
T000504,59,15,7,20260519,10,130,0.05,1235.0,480,755.0
T000505,26,10,5,20260117,1,115,0.05,109.25,44,65.25
T000506,77,11,2,20260410,1,135,0.0,135.0,52,83.0
T000507,124,8,3,20260620,4,130,0.05,494.0,200,294.0
T000508,77,2,2,20260706,2,100,0.2,160.0,80,80.0
T000509,142,2,4,20261014,2,100,0.0,200.0,80,120.0
T000510,10,8,4,20261101,1,130,0.0,130.0,50,80.0
T000511,106,2,5,20260920,3,100,0.1,270.0,120,150.0
T000512,20,6,7,20261023,6,160,0.2,768.0,390,378.0
T000513,93,3,6,20261206,3,110,0.2,264.0,126,138.0
T000514,123,1,3,20260216,5,90,0.0,450.0,175,275.0
T000515,62,2,1,20260514,2,100,0.0,200.0,80,120.0
T000516,139,9,3,20260912,2,125,0.05,237.5,96,141.5
T000517,146,3,2,20260828,9,110,0.0,990.0,378,612.0
T000518,51,6,3,20260917,5,160,0.1,720.0,325,395.0
T000519,62,3,2,20261012,9,110,0.15,841.5,378,463.5
T000520,28,1,1,20260503,1,90,0.1,81.0,35,46.0
T000521,59,4,5,20261226,2,120,0.0,240.0,90,150.0
T000522,8,5,7,20260320,7,140,0.1,882.0,385,497.0
T000523,75,2,5,20261116,10,100,0.0,1000.0,400,600.0
T000524,56,10,6,20260213,4,115,0.0,460.0,176,284.0
T000525,132,13,7,20261101,1,175,0.0,175.0,70,105.0
T000526,26,6,5,20260207,1,160,0.0,160.0,65,95.0
T000527,45,12,7,20261113,5,145,0.05,688.75,280,408.75
T000528,119,13,7,20260213,10,175,0.0,1750.0,700,1050.0
T000529,106,15,3,20260106,7,130,0.0,910.0,336,574.0
T000530,38,4,7,20260215,9,120,0.2,864.0,405,459.0
T000531,89,13,2,20260327,3,175,0.0,525.0,210,315.0
T000532,85,11,2,20260412,2,135,0.0,270.0,104,166.0
T000533,135,8,1,20260903,6,130,0.0,780.0,300,480.0
T000534,51,2,6,20261105,1,100,0.05,95.0,40,55.0
T000535,90,11,1,20260730,10,135,0.0,1350.0,520,830.0
T000536,128,13,6,20260910,3,175,0.05,498.75,210,288.75
T000537,14,15,3,20261222,8,130,0.2,832.0,384,448.0
T000538,99,7,2,20261030,9,150,0.05,1282.5,540,742.5
T000539,30,11,5,20261031,2,135,0.05,256.5,104,152.5
T000540,118,4,2,20260429,9,120,0.0,1080.0,405,675.0
T000541,13,15,5,20260910,7,130,0.2,728.0,336,392.0
T000542,88,11,7,20260722,7,135,0.1,850.5,364,486.5
T000543,87,11,2,20260214,10,135,0.1,1215.0,520,695.0
T000544,126,5,1,20260606,10,140,0.0,1400.0,550,850.0
T000545,108,8,7,20260226,7,130,0.15,773.5,350,423.5
T000546,86,3,4,20260603,9,110,0.0,990.0,378,612.0
T000547,120,7,3,20260212,10,150,0.0,1500.0,600,900.0
T000548,70,2,3,20260530,3,100,0.2,240.0,120,120.0
T000549,138,11,4,20260815,4,135,0.0,540.0,208,332.0
T000550,11,11,6,20260421,7,135,0.0,945.0,364,581.0
T000551,39,6,3,20260719,6,160,0.0,960.0,390,570.0
T000552,101,15,3,20260425,5,130,0.1,585.0,240,345.0
T000553,49,13,5,20260613,3,175,0.1,472.5,210,262.5
T000554,45,1,1,20260927,2,90,0.0,180.0,70,110.0
T000555,65,13,5,20260821,6,175,0.2,840.0,420,420.0
T000556,132,12,5,20260221,7,145,0.0,1015.0,392,623.0
T000557,20,7,6,20260510,9,150,0.15,1147.5,540,607.5
T000558,76,5,4,20260619,6,140,0.05,798.0,330,468.0
T000559,97,11,6,20261205,9,135,0.2,972.0,468,504.0
T000560,127,8,6,20260131,6,130,0.2,624.0,300,324.0
T000561,31,15,1,20260110,9,130,0.1,1053.0,432,621.0
T000562,132,13,3,20260818,3,175,0.2,420.0,210,210.0
T000563,9,8,6,20261107,6,130,0.1,702.0,300,402.0
T000564,70,15,1,20260312,3,130,0.0,390.0,144,246.0
T000565,12,9,5,20261028,7,125,0.0,875.0,336,539.0
T000566,62,5,6,20261029,5,140,0.15,595.0,275,320.0
T000567,105,9,4,20260114,2,125,0.2,200.0,96,104.0
T000568,93,8,4,20261124,5,130,0.05,617.5,250,367.5
T000569,127,10,7,20260324,1,115,0.15,97.75,44,53.75
T000570,133,4,2,20260627,1,120,0.0,120.0,45,75.0
T000571,44,9,6,20260607,5,125,0.0,625.0,240,385.0
T000572,93,7,3,20261028,3,150,0.05,427.5,180,247.5
T000573,83,4,4,20260608,8,120,0.1,864.0,360,504.0
T000574,93,5,6,20260225,7,140,0.05,931.0,385,546.0
T000575,69,8,7,20260717,2,130,0.0,260.0,100,160.0
T000576,105,9,4,20261115,3,125,0.05,356.25,144,212.25
T000577,138,5,2,20260123,8,140,0.2,896.0,440,456.0
T000578,106,11,7,20261014,2,135,0.05,256.5,104,152.5
T000579,102,12,3,20260720,9,145,0.05,1239.75,504,735.75
T000580,116,5,1,20261119,1,140,0.0,140.0,55,85.0
T000581,146,12,7,20260930,5,145,0.05,688.75,280,408.75
T000582,63,5,3,20261105,2,140,0.15,238.0,110,128.0
T000583,106,10,7,20260219,2,115,0.05,218.5,88,130.5
T000584,31,3,6,20260326,7,110,0.1,693.0,294,399.0
T000585,128,7,4,20260624,6,150,0.05,855.0,360,495.0
T000586,37,14,6,20260406,9,155,0.2,1116.0,558,558.0
T000587,74,11,4,20260924,3,135,0.0,405.0,156,249.0
T000588,106,2,6,20260623,2,100,0.15,170.0,80,90.0
T000589,61,10,7,20260102,10,115,0.1,1035.0,440,595.0
T000590,71,10,2,20260726,3,115,0.0,345.0,132,213.0
T000591,62,14,6,20260424,9,155,0.0,1395.0,558,837.0
T000592,98,12,1,20260525,5,145,0.0,725.0,280,445.0
T000593,99,15,6,20261128,10,130,0.05,1235.0,480,755.0
T000594,131,13,1,20261231,5,175,0.15,743.75,350,393.75
T000595,25,5,2,20260420,6,140,0.2,672.0,330,342.0
T000596,93,2,7,20261019,1,100,0.2,80.0,40,40.0
T000597,84,2,1,20260922,4,100,0.0,400.0,160,240.0
T000598,36,13,6,20260823,8,175,0.05,1330.0,560,770.0
T000599,143,8,1,20260915,10,130,0.0,1300.0,500,800.0
T000600,120,14,5,20260121,2,155,0.1,279.0,124,155.0
T000601,88,11,3,20260425,6,135,0.15,688.5,312,376.5
T000602,143,4,2,20261019,4,120,0.05,456.0,180,276.0
T000603,8,12,5,20261023,4,145,0.0,580.0,224,356.0
T000604,69,9,7,20260115,7,125,0.05,831.25,336,495.25
T000605,23,5,6,20260202,10,140,0.0,1400.0,550,850.0
T000606,105,9,4,20260724,4,125,0.2,400.0,192,208.0
T000607,137,6,7,20260129,6,160,0.2,768.0,390,378.0
T000608,123,11,1,20260509,10,135,0.0,1350.0,520,830.0
T000609,117,11,4,20260809,4,135,0.05,513.0,208,305.0
T000610,104,2,2,20261112,3,100,0.05,285.0,120,165.0
T000611,133,12,1,20260410,1,145,0.1,130.5,56,74.5
T000612,51,12,7,20260412,5,145,0.0,725.0,280,445.0
T000613,76,12,7,20261014,1,145,0.2,116.0,56,60.0
T000614,17,1,6,20261110,6,90,0.0,540.0,210,330.0
T000615,138,14,1,20260802,5,155,0.15,658.75,310,348.75
T000616,145,3,6,20260701,6,110,0.05,627.0,252,375.0
T000617,45,1,1,20260606,6,90,0.1,486.0,210,276.0
T000618,117,12,7,20260116,2,145,0.05,275.5,112,163.5
T000619,94,3,7,20260224,8,110,0.1,792.0,336,456.0
T000620,82,13,3,20260212,8,175,0.0,1400.0,560,840.0
T000621,65,10,5,20260225,9,115,0.1,931.5,396,535.5
T000622,6,5,3,20260418,4,140,0.2,448.0,220,228.0
T000623,112,9,7,20260523,7,125,0.0,875.0,336,539.0
T000624,4,3,2,20260812,2,110,0.0,220.0,84,136.0
T000625,8,7,5,20261027,1,150,0.0,150.0,60,90.0
T000626,53,1,7,20260826,10,90,0.15,765.0,350,415.0
T000627,87,6,7,20260206,10,160,0.15,1360.0,650,710.0
T000628,53,13,4,20260825,1,175,0.0,175.0,70,105.0
T000629,27,7,3,20260415,2,150,0.15,255.0,120,135.0
T000630,117,8,2,20260306,10,130,0.15,1105.0,500,605.0
T000631,113,12,6,20261122,2,145,0.15,246.5,112,134.5
T000632,44,8,7,20260128,7,130,0.2,728.0,350,378.0
T000633,62,12,7,20261211,8,145,0.2,928.0,448,480.0
T000634,31,3,5,20260830,8,110,0.15,748.0,336,412.0
T000635,62,12,1,20260715,4,145,0.0,580.0,224,356.0
T000636,58,13,5,20260720,1,175,0.0,175.0,70,105.0
T000637,1,13,2,20260218,1,175,0.1,157.5,70,87.5
T000638,57,4,4,20260125,1,120,0.15,102.0,45,57.0
T000639,106,15,5,20261123,5,130,0.0,650.0,240,410.0
T000640,123,1,4,20260320,2,90,0.2,144.0,70,74.0
T000641,136,3,2,20260219,3,110,0.15,280.5,126,154.5
T000642,131,2,3,20260920,7,100,0.0,700.0,280,420.0
T000643,143,1,7,20260206,2,90,0.15,153.0,70,83.0
T000644,138,10,5,20261015,2,115,0.2,184.0,88,96.0
T000645,75,9,6,20260128,8,125,0.1,900.0,384,516.0
T000646,54,9,1,20261210,1,125,0.0,125.0,48,77.0
T000647,118,14,7,20260917,4,155,0.0,620.0,248,372.0
T000648,54,12,6,20261229,7,145,0.0,1015.0,392,623.0
T000649,134,9,1,20261110,6,125,0.2,600.0,288,312.0
T000650,62,12,1,20260218,2,145,0.0,290.0,112,178.0
T000651,80,5,3,20260708,5,140,0.0,700.0,275,425.0
T000652,86,10,5,20260910,4,115,0.0,460.0,176,284.0
T000653,30,1,1,20260210,10,90,0.0,900.0,350,550.0
T000654,105,8,4,20260924,10,130,0.15,1105.0,500,605.0
T000655,21,15,2,20261129,1,130,0.0,130.0,48,82.0
T000656,35,11,6,20260116,7,135,0.0,945.0,364,581.0
T000657,114,5,5,20260403,5,140,0.2,560.0,275,285.0
T000658,77,13,3,20260310,6,175,0.0,1050.0,420,630.0
T000659,42,2,4,20260616,8,100,0.0,800.0,320,480.0
T000660,122,15,6,20261201,10,130,0.05,1235.0,480,755.0
T000661,4,4,7,20260521,7,120,0.15,714.0,315,399.0
T000662,140,4,3,20260111,6,120,0.05,684.0,270,414.0
T000663,62,13,7,20260101,6,175,0.0,1050.0,420,630.0
T000664,10,2,2,20260930,6,100,0.1,540.0,240,300.0
T000665,17,6,3,20261118,9,160,0.0,1440.0,585,855.0
T000666,136,4,2,20260823,1,120,0.2,96.0,45,51.0
T000667,105,4,5,20261206,9,120,0.2,864.0,405,459.0
T000668,55,11,1,20261120,4,135,0.05,513.0,208,305.0
T000669,111,5,6,20260107,2,140,0.0,280.0,110,170.0
T000670,43,10,4,20261109,5,115,0.1,517.5,220,297.5
T000671,8,5,3,20260508,2,140,0.2,224.0,110,114.0
T000672,37,5,6,20260418,2,140,0.15,238.0,110,128.0
T000673,78,7,6,20260204,2,150,0.0,300.0,120,180.0
T000674,19,1,5,20260204,6,90,0.0,540.0,210,330.0
T000675,127,2,5,20260314,9,100,0.2,720.0,360,360.0
T000676,46,8,7,20260521,2,130,0.05,247.0,100,147.0
T000677,45,7,4,20260605,8,150,0.2,960.0,480,480.0
T000678,118,15,7,20260218,6,130,0.05,741.0,288,453.0
T000679,58,7,1,20260416,2,150,0.0,300.0,120,180.0
T000680,72,6,6,20260629,10,160,0.0,1600.0,650,950.0
T000681,23,15,1,20260408,3,130,0.2,312.0,144,168.0
T000682,68,5,5,20261205,3,140,0.0,420.0,165,255.0
T000683,15,2,4,20260315,7,100,0.05,665.0,280,385.0
T000684,150,10,1,20261130,4,115,0.0,460.0,176,284.0
T000685,69,1,3,20260203,3,90,0.05,256.5,105,151.5
T000686,46,12,5,20260706,3,145,0.05,413.25,168,245.25
T000687,43,6,3,20260509,9,160,0.2,1152.0,585,567.0
T000688,43,4,7,20260227,5,120,0.1,540.0,225,315.0
T000689,50,11,2,20260116,4,135,0.1,486.0,208,278.0
T000690,121,11,2,20260707,5,135,0.0,675.0,260,415.0
T000691,97,11,1,20260126,6,135,0.0,810.0,312,498.0
T000692,113,8,1,20260525,8,130,0.0,1040.0,400,640.0
T000693,126,9,4,20260226,2,125,0.1,225.0,96,129.0
T000694,45,8,4,20260302,4,130,0.1,468.0,200,268.0
T000695,49,2,1,20260814,2,100,0.05,190.0,80,110.0
T000696,62,8,4,20260704,6,130,0.15,663.0,300,363.0
T000697,57,9,1,20260130,8,125,0.2,800.0,384,416.0
T000698,97,10,5,20260421,2,115,0.0,230.0,88,142.0
T000699,62,1,5,20260810,9,90,0.0,810.0,315,495.0
T000700,55,6,7,20260919,2,160,0.0,320.0,130,190.0
T000701,118,8,3,20260902,3,130,0.0,390.0,150,240.0
T000702,26,6,6,20260820,4,160,0.05,608.0,260,348.0
T000703,18,6,7,20261206,2,160,0.2,256.0,130,126.0
T000704,47,5,4,20260901,9,140,0.0,1260.0,495,765.0
T000705,132,13,6,20261118,1,175,0.2,140.0,70,70.0
T000706,9,12,6,20260829,9,145,0.2,1044.0,504,540.0
T000707,36,8,7,20260430,6,130,0.0,780.0,300,480.0
T000708,83,15,7,20260718,1,130,0.05,123.5,48,75.5
T000709,59,3,6,20261203,1,110,0.15,93.5,42,51.5
T000710,116,2,6,20260823,4,100,0.0,400.0,160,240.0
T000711,50,3,4,20260527,5,110,0.2,440.0,210,230.0
T000712,17,4,5,20260610,7,120,0.0,840.0,315,525.0
T000713,93,1,2,20261214,8,90,0.0,720.0,280,440.0
T000714,131,6,4,20260203,8,160,0.2,1024.0,520,504.0
T000715,56,15,5,20260419,4,130,0.1,468.0,192,276.0
T000716,117,13,3,20260414,5,175,0.0,875.0,350,525.0
T000717,46,7,1,20260614,6,150,0.1,810.0,360,450.0
T000718,146,1,6,20261209,6,90,0.0,540.0,210,330.0
T000719,1,14,7,20260503,3,155,0.15,395.25,186,209.25
T000720,122,8,5,20260513,9,130,0.15,994.5,450,544.5
T000721,67,3,4,20261231,4,110,0.15,374.0,168,206.0
T000722,39,7,3,20260303,3,150,0.15,382.5,180,202.5
T000723,15,6,5,20260311,3,160,0.0,480.0,195,285.0
T000724,150,2,2,20260805,8,100,0.1,720.0,320,400.0
T000725,58,11,5,20260510,3,135,0.2,324.0,156,168.0
T000726,25,7,6,20260518,1,150,0.1,135.0,60,75.0
T000727,75,15,1,20260223,2,130,0.05,247.0,96,151.0
T000728,108,3,7,20260331,2,110,0.15,187.0,84,103.0
T000729,132,5,7,20260712,10,140,0.0,1400.0,550,850.0
T000730,136,8,2,20260817,10,130,0.2,1040.0,500,540.0
T000731,50,9,5,20260709,7,125,0.0,875.0,336,539.0
T000732,98,10,3,20261031,3,115,0.2,276.0,132,144.0
T000733,106,4,6,20260511,6,120,0.15,612.0,270,342.0
T000734,19,14,6,20260512,1,155,0.15,131.75,62,69.75
T000735,84,4,4,20261216,1,120,0.1,108.0,45,63.0
T000736,47,11,3,20260901,8,135,0.05,1026.0,416,610.0
T000737,54,2,4,20260430,9,100,0.1,810.0,360,450.0
T000738,60,15,2,20260725,6,130,0.2,624.0,288,336.0
T000739,127,7,3,20261229,6,150,0.0,900.0,360,540.0
T000740,69,4,6,20260424,2,120,0.0,240.0,90,150.0
T000741,104,15,2,20260919,10,130,0.1,1170.0,480,690.0
T000742,150,8,1,20261127,8,130,0.05,988.0,400,588.0
T000743,89,6,5,20261023,7,160,0.05,1064.0,455,609.0
T000744,5,8,7,20260331,3,130,0.1,351.0,150,201.0
T000745,75,11,1,20260709,9,135,0.2,972.0,468,504.0
T000746,51,4,6,20260415,6,120,0.05,684.0,270,414.0
T000747,17,3,3,20261129,10,110,0.1,990.0,420,570.0
T000748,12,10,7,20261207,4,115,0.0,460.0,176,284.0
T000749,144,7,5,20261101,5,150,0.0,750.0,300,450.0
T000750,45,1,7,20260205,2,90,0.2,144.0,70,74.0
T000751,59,3,1,20260508,3,110,0.05,313.5,126,187.5
T000752,5,4,7,20261231,1,120,0.0,120.0,45,75.0
T000753,39,4,1,20260212,8,120,0.05,912.0,360,552.0
T000754,82,6,5,20260207,5,160,0.1,720.0,325,395.0
T000755,86,5,7,20260903,1,140,0.0,140.0,55,85.0
T000756,24,5,2,20260516,2,140,0.15,238.0,110,128.0
T000757,34,5,6,20260127,6,140,0.05,798.0,330,468.0
T000758,49,3,4,20260914,10,110,0.15,935.0,420,515.0
T000759,109,3,7,20260127,7,110,0.05,731.5,294,437.5
T000760,19,5,2,20260109,8,140,0.0,1120.0,440,680.0
T000761,49,3,5,20260203,8,110,0.1,792.0,336,456.0
T000762,121,2,5,20260429,10,100,0.1,900.0,400,500.0
T000763,150,4,1,20260312,4,120,0.0,480.0,180,300.0
T000764,67,4,4,20261121,9,120,0.1,972.0,405,567.0
T000765,15,6,5,20260925,1,160,0.0,160.0,65,95.0
T000766,75,9,2,20260113,4,125,0.2,400.0,192,208.0
T000767,50,10,4,20261220,3,115,0.0,345.0,132,213.0
T000768,67,15,6,20260609,3,130,0.0,390.0,144,246.0
T000769,87,8,2,20260201,5,130,0.1,585.0,250,335.0
T000770,79,12,5,20260611,1,145,0.15,123.25,56,67.25
T000771,13,5,1,20260611,6,140,0.15,714.0,330,384.0
T000772,63,3,2,20260502,8,110,0.0,880.0,336,544.0
T000773,130,2,3,20260412,9,100,0.05,855.0,360,495.0
T000774,136,8,6,20261218,5,130,0.0,650.0,250,400.0
T000775,100,2,6,20260224,7,100,0.1,630.0,280,350.0
T000776,132,13,3,20260204,4,175,0.1,630.0,280,350.0
T000777,108,8,7,20260612,6,130,0.15,663.0,300,363.0
T000778,81,15,7,20260817,10,130,0.0,1300.0,480,820.0
T000779,23,8,7,20260223,5,130,0.0,650.0,250,400.0
T000780,143,15,7,20260120,3,130,0.0,390.0,144,246.0
T000781,9,10,6,20260827,5,115,0.2,460.0,220,240.0
T000782,88,13,7,20260205,7,175,0.15,1041.25,490,551.25
T000783,25,7,2,20260213,1,150,0.0,150.0,60,90.0
T000784,35,11,7,20260528,9,135,0.0,1215.0,468,747.0
T000785,42,6,1,20261225,9,160,0.15,1224.0,585,639.0
T000786,45,4,2,20260728,7,120,0.1,756.0,315,441.0
T000787,32,6,3,20261229,4,160,0.1,576.0,260,316.0
T000788,67,2,1,20261010,7,100,0.1,630.0,280,350.0
T000789,74,10,2,20260426,8,115,0.1,828.0,352,476.0
T000790,34,13,6,20260414,4,175,0.1,630.0,280,350.0
T000791,132,14,7,20260224,6,155,0.0,930.0,372,558.0
T000792,121,9,3,20260115,3,125,0.15,318.75,144,174.75
T000793,88,3,3,20260614,4,110,0.2,352.0,168,184.0
T000794,1,14,1,20260803,4,155,0.15,527.0,248,279.0
T000795,66,13,1,20260626,10,175,0.0,1750.0,700,1050.0
T000796,82,4,3,20260120,5,120,0.05,570.0,225,345.0
T000797,91,10,3,20260604,7,115,0.1,724.5,308,416.5
T000798,4,4,1,20260526,7,120,0.2,672.0,315,357.0
T000799,63,15,7,20261018,1,130,0.2,104.0,48,56.0
T000800,79,3,7,20260329,5,110,0.15,467.5,210,257.5
T000801,112,7,3,20261202,5,150,0.0,750.0,300,450.0
T000802,87,12,5,20260503,1,145,0.05,137.75,56,81.75
T000803,36,6,7,20260330,9,160,0.2,1152.0,585,567.0
T000804,141,14,7,20260125,8,155,0.05,1178.0,496,682.0
T000805,55,8,7,20260829,6,130,0.05,741.0,300,441.0
T000806,31,2,1,20260508,6,100,0.0,600.0,240,360.0
T000807,19,6,2,20260114,10,160,0.0,1600.0,650,950.0
T000808,51,1,6,20260912,8,90,0.2,576.0,280,296.0
T000809,123,13,3,20260725,7,175,0.05,1163.75,490,673.75
T000810,148,15,6,20261123,8,130,0.05,988.0,384,604.0
T000811,80,14,6,20260626,6,155,0.15,790.5,372,418.5
T000812,133,10,5,20260224,2,115,0.1,207.0,88,119.0
T000813,59,1,4,20260817,4,90,0.0,360.0,140,220.0
T000814,32,6,5,20260705,10,160,0.0,1600.0,650,950.0
T000815,111,10,5,20260825,1,115,0.2,92.0,44,48.0
T000816,48,2,4,20260309,9,100,0.05,855.0,360,495.0
T000817,92,12,7,20260921,2,145,0.0,290.0,112,178.0
T000818,57,1,7,20261106,6,90,0.2,432.0,210,222.0
T000819,20,7,2,20260810,7,150,0.0,1050.0,420,630.0
T000820,132,6,3,20260617,3,160,0.1,432.0,195,237.0
T000821,3,9,7,20261007,3,125,0.15,318.75,144,174.75
T000822,43,9,7,20260713,3,125,0.0,375.0,144,231.0
T000823,29,15,5,20261129,10,130,0.05,1235.0,480,755.0
T000824,130,4,1,20260128,1,120,0.15,102.0,45,57.0
T000825,119,9,2,20261231,3,125,0.15,318.75,144,174.75
T000826,113,3,2,20260420,1,110,0.1,99.0,42,57.0
T000827,67,12,5,20260311,10,145,0.05,1377.5,560,817.5
T000828,132,4,4,20260430,8,120,0.0,960.0,360,600.0
T000829,88,1,7,20260217,3,90,0.2,216.0,105,111.0
T000830,60,5,5,20260502,9,140,0.0,1260.0,495,765.0
T000831,52,3,5,20260429,10,110,0.2,880.0,420,460.0
T000832,56,8,6,20260226,5,130,0.1,585.0,250,335.0
T000833,1,8,1,20260919,8,130,0.0,1040.0,400,640.0
T000834,107,9,7,20260205,3,125,0.05,356.25,144,212.25
T000835,56,11,2,20260824,9,135,0.05,1154.25,468,686.25
T000836,63,12,7,20260729,4,145,0.0,580.0,224,356.0
T000837,92,7,7,20260324,10,150,0.1,1350.0,600,750.0
T000838,56,3,3,20260605,8,110,0.0,880.0,336,544.0
T000839,81,10,2,20260314,2,115,0.15,195.5,88,107.5
T000840,123,7,2,20260601,8,150,0.15,1020.0,480,540.0
T000841,121,5,4,20260906,9,140,0.0,1260.0,495,765.0
T000842,38,9,5,20260830,9,125,0.0,1125.0,432,693.0
T000843,99,6,1,20260430,2,160,0.1,288.0,130,158.0
T000844,109,12,3,20260221,6,145,0.05,826.5,336,490.5
T000845,101,14,6,20261227,3,155,0.1,418.5,186,232.5
T000846,11,1,5,20261021,8,90,0.05,684.0,280,404.0
T000847,103,12,6,20260918,7,145,0.15,862.75,392,470.75
T000848,2,9,2,20260602,3,125,0.2,300.0,144,156.0
T000849,103,14,6,20260707,6,155,0.15,790.5,372,418.5
T000850,88,4,6,20261020,3,120,0.15,306.0,135,171.0
T000851,47,11,4,20261010,5,135,0.0,675.0,260,415.0
T000852,83,1,7,20260311,8,90,0.1,648.0,280,368.0
T000853,134,6,3,20260911,1,160,0.05,152.0,65,87.0
T000854,84,13,5,20261009,8,175,0.0,1400.0,560,840.0
T000855,145,7,3,20260620,5,150,0.0,750.0,300,450.0
T000856,18,7,7,20260709,6,150,0.2,720.0,360,360.0
T000857,86,5,1,20261003,5,140,0.1,630.0,275,355.0
T000858,6,7,6,20260324,2,150,0.0,300.0,120,180.0
T000859,36,12,1,20260418,3,145,0.05,413.25,168,245.25
T000860,112,1,2,20260427,5,90,0.0,450.0,175,275.0
T000861,142,9,2,20260224,2,125,0.0,250.0,96,154.0
T000862,11,4,7,20260811,8,120,0.2,768.0,360,408.0
T000863,46,2,4,20260717,10,100,0.0,1000.0,400,600.0
T000864,15,2,1,20260604,3,100,0.0,300.0,120,180.0
T000865,44,6,1,20260120,2,160,0.1,288.0,130,158.0
T000866,51,3,1,20260324,10,110,0.05,1045.0,420,625.0
T000867,31,6,2,20261211,7,160,0.05,1064.0,455,609.0
T000868,115,5,4,20260720,4,140,0.1,504.0,220,284.0
T000869,45,12,6,20260113,3,145,0.0,435.0,168,267.0
T000870,16,6,7,20260319,8,160,0.15,1088.0,520,568.0
T000871,9,15,6,20261115,8,130,0.15,884.0,384,500.0
T000872,113,8,1,20261022,1,130,0.15,110.5,50,60.5
T000873,102,11,3,20261121,9,135,0.0,1215.0,468,747.0
T000874,133,9,7,20260125,3,125,0.1,337.5,144,193.5
T000875,41,7,6,20260331,1,150,0.15,127.5,60,67.5
T000876,93,1,5,20261226,7,90,0.2,504.0,245,259.0
T000877,98,10,2,20261209,7,115,0.05,764.75,308,456.75
T000878,42,15,5,20260903,6,130,0.1,702.0,288,414.0
T000879,55,15,3,20260408,10,130,0.0,1300.0,480,820.0
T000880,82,6,6,20261024,9,160,0.05,1368.0,585,783.0
T000881,147,3,3,20261109,9,110,0.1,891.0,378,513.0
T000882,22,15,7,20260521,8,130,0.0,1040.0,384,656.0
T000883,22,13,4,20260318,10,175,0.1,1575.0,700,875.0
T000884,110,9,5,20260531,1,125,0.0,125.0,48,77.0
T000885,27,3,7,20261029,7,110,0.05,731.5,294,437.5
T000886,112,14,5,20260228,8,155,0.2,992.0,496,496.0
T000887,115,12,1,20260512,6,145,0.0,870.0,336,534.0
T000888,77,14,4,20260119,4,155,0.0,620.0,248,372.0
T000889,95,5,3,20261202,4,140,0.15,476.0,220,256.0
T000890,147,7,5,20260914,5,150,0.1,675.0,300,375.0
T000891,103,6,7,20261126,8,160,0.0,1280.0,520,760.0
T000892,38,14,6,20260124,5,155,0.0,775.0,310,465.0
T000893,34,9,7,20261105,6,125,0.2,600.0,288,312.0
T000894,67,4,7,20260712,9,120,0.0,1080.0,405,675.0
T000895,23,1,4,20260816,2,90,0.0,180.0,70,110.0
T000896,121,10,4,20260421,2,115,0.2,184.0,88,96.0
T000897,48,14,3,20260529,3,155,0.2,372.0,186,186.0
T000898,129,3,6,20260303,5,110,0.05,522.5,210,312.5
T000899,58,15,2,20260326,8,130,0.0,1040.0,384,656.0
T000900,16,15,3,20260509,4,130,0.0,520.0,192,328.0
T000901,17,13,3,20261110,7,175,0.15,1041.25,490,551.25
T000902,55,8,7,20261116,2,130,0.1,234.0,100,134.0
T000903,16,6,7,20260829,7,160,0.0,1120.0,455,665.0
T000904,136,8,4,20261201,4,130,0.05,494.0,200,294.0
T000905,31,11,5,20260324,9,135,0.05,1154.25,468,686.25
T000906,36,15,2,20260727,8,130,0.1,936.0,384,552.0
T000907,95,10,3,20260910,2,115,0.15,195.5,88,107.5
T000908,85,10,7,20260912,3,115,0.05,327.75,132,195.75
T000909,29,7,3,20260218,3,150,0.1,405.0,180,225.0
T000910,99,6,3,20261026,10,160,0.15,1360.0,650,710.0
T000911,8,13,3,20260402,6,175,0.0,1050.0,420,630.0
T000912,117,5,1,20260823,6,140,0.15,714.0,330,384.0
T000913,124,6,6,20261217,4,160,0.15,544.0,260,284.0
T000914,93,3,6,20261207,4,110,0.15,374.0,168,206.0
T000915,63,5,3,20260408,10,140,0.0,1400.0,550,850.0
T000916,142,4,1,20260804,2,120,0.0,240.0,90,150.0
T000917,31,11,5,20260921,4,135,0.2,432.0,208,224.0
T000918,26,5,6,20260226,4,140,0.2,448.0,220,228.0
T000919,1,11,6,20261025,5,135,0.0,675.0,260,415.0
T000920,81,5,1,20260807,10,140,0.2,1120.0,550,570.0
T000921,90,7,5,20260105,10,150,0.15,1275.0,600,675.0
T000922,52,10,1,20260403,3,115,0.0,345.0,132,213.0
T000923,32,15,2,20260222,5,130,0.15,552.5,240,312.5
T000924,99,11,3,20260921,7,135,0.2,756.0,364,392.0
T000925,109,10,1,20260114,2,115,0.2,184.0,88,96.0
T000926,110,3,5,20260519,6,110,0.2,528.0,252,276.0
T000927,110,1,1,20260112,10,90,0.15,765.0,350,415.0
T000928,96,3,4,20261201,6,110,0.15,561.0,252,309.0
T000929,95,15,3,20260310,5,130,0.15,552.5,240,312.5
T000930,39,3,2,20260314,3,110,0.0,330.0,126,204.0
T000931,32,13,7,20261029,3,175,0.05,498.75,210,288.75
T000932,25,10,5,20260915,9,115,0.1,931.5,396,535.5
T000933,4,9,4,20260731,1,125,0.0,125.0,48,77.0
T000934,2,4,2,20260805,4,120,0.05,456.0,180,276.0
T000935,123,2,7,20260504,10,100,0.1,900.0,400,500.0
T000936,11,8,3,20260808,4,130,0.2,416.0,200,216.0
T000937,62,9,4,20260126,1,125,0.15,106.25,48,58.25
T000938,67,2,2,20260403,2,100,0.05,190.0,80,110.0
T000939,21,11,3,20260215,7,135,0.05,897.75,364,533.75
T000940,115,13,5,20260207,4,175,0.2,560.0,280,280.0
T000941,111,5,2,20260321,6,140,0.0,840.0,330,510.0
T000942,43,7,5,20261228,10,150,0.0,1500.0,600,900.0
T000943,41,14,1,20260912,1,155,0.05,147.25,62,85.25
T000944,13,6,1,20260917,2,160,0.15,272.0,130,142.0
T000945,44,7,5,20260408,4,150,0.2,480.0,240,240.0
T000946,117,5,4,20260418,2,140,0.0,280.0,110,170.0
T000947,58,12,1,20260828,7,145,0.0,1015.0,392,623.0
T000948,138,2,4,20260412,5,100,0.05,475.0,200,275.0
T000949,85,5,2,20260621,4,140,0.0,560.0,220,340.0
T000950,111,12,4,20260725,2,145,0.0,290.0,112,178.0
T000951,140,1,1,20260213,4,90,0.05,342.0,140,202.0
T000952,129,7,1,20261118,8,150,0.05,1140.0,480,660.0
T000953,127,11,1,20260410,10,135,0.1,1215.0,520,695.0
T000954,122,15,1,20260530,3,130,0.0,390.0,144,246.0
T000955,33,7,4,20260204,1,150,0.2,120.0,60,60.0
T000956,12,12,5,20260405,2,145,0.0,290.0,112,178.0
T000957,57,1,2,20260614,10,90,0.2,720.0,350,370.0
T000958,94,3,3,20260518,7,110,0.2,616.0,294,322.0
T000959,113,8,2,20260522,3,130,0.0,390.0,150,240.0
T000960,111,9,1,20260309,4,125,0.2,400.0,192,208.0
T000961,67,14,6,20260321,2,155,0.0,310.0,124,186.0
T000962,57,11,1,20260714,1,135,0.0,135.0,52,83.0
T000963,22,6,7,20260122,5,160,0.15,680.0,325,355.0
T000964,144,15,7,20260612,10,130,0.1,1170.0,480,690.0
T000965,145,14,7,20261126,9,155,0.0,1395.0,558,837.0
T000966,124,4,5,20260609,6,120,0.0,720.0,270,450.0
T000967,144,9,3,20260711,10,125,0.0,1250.0,480,770.0
T000968,129,11,3,20261114,3,135,0.15,344.25,156,188.25
T000969,48,7,4,20260112,1,150,0.15,127.5,60,67.5
T000970,115,2,3,20260531,6,100,0.15,510.0,240,270.0
T000971,131,12,2,20260901,9,145,0.1,1174.5,504,670.5
T000972,103,5,3,20261006,1,140,0.05,133.0,55,78.0
T000973,55,12,3,20260905,8,145,0.05,1102.0,448,654.0
T000974,93,8,3,20261230,2,130,0.05,247.0,100,147.0
T000975,60,14,2,20261201,7,155,0.2,868.0,434,434.0
T000976,94,11,3,20261213,1,135,0.05,128.25,52,76.25
T000977,93,6,1,20261008,7,160,0.0,1120.0,455,665.0
T000978,79,9,5,20260812,4,125,0.05,475.0,192,283.0
T000979,48,2,4,20260622,8,100,0.0,800.0,320,480.0
T000980,125,5,2,20260709,1,140,0.2,112.0,55,57.0
T000981,108,14,3,20260309,8,155,0.05,1178.0,496,682.0
T000982,40,6,2,20260804,3,160,0.2,384.0,195,189.0
T000983,16,5,3,20260322,4,140,0.05,532.0,220,312.0
T000984,14,3,7,20260119,7,110,0.1,693.0,294,399.0
T000985,96,13,2,20260409,9,175,0.0,1575.0,630,945.0
T000986,131,8,3,20260227,7,130,0.15,773.5,350,423.5
T000987,100,7,1,20260511,3,150,0.1,405.0,180,225.0
T000988,30,6,6,20260106,6,160,0.05,912.0,390,522.0
T000989,49,1,6,20260306,4,90,0.0,360.0,140,220.0
T000990,60,10,6,20261024,5,115,0.0,575.0,220,355.0
T000991,62,14,6,20260413,4,155,0.1,558.0,248,310.0
T000992,83,10,7,20261028,2,115,0.0,230.0,88,142.0
T000993,24,9,3,20261020,9,125,0.1,1012.5,432,580.5
T000994,113,4,2,20260304,5,120,0.1,540.0,225,315.0
T000995,59,15,1,20260705,2,130,0.05,247.0,96,151.0
T000996,109,11,2,20260724,4,135,0.05,513.0,208,305.0
T000997,10,7,2,20261028,9,150,0.15,1147.5,540,607.5
T000998,123,8,3,20260605,8,130,0.0,1040.0,400,640.0
T000999,119,7,6,20260128,4,150,0.15,510.0,240,270.0
T001000,121,13,2,20261116,9,175,0.1,1417.5,630,787.5
T001001,67,2,7,20260323,8,100,0.0,800.0,320,480.0
T001002,55,14,4,20260609,1,155,0.0,155.0,62,93.0
T001003,95,3,1,20260217,1,110,0.1,99.0,42,57.0
T001004,75,8,5,20260730,6,130,0.15,663.0,300,363.0
T001005,26,3,6,20260708,9,110,0.15,841.5,378,463.5
T001006,75,6,1,20260910,9,160,0.0,1440.0,585,855.0
T001007,86,6,4,20260423,10,160,0.15,1360.0,650,710.0
T001008,73,5,5,20261014,2,140,0.15,238.0,110,128.0
T001009,94,2,7,20260709,9,100,0.2,720.0,360,360.0
T001010,30,6,2,20260617,6,160,0.0,960.0,390,570.0
T001011,93,15,1,20260802,4,130,0.1,468.0,192,276.0
T001012,51,11,2,20260102,9,135,0.1,1093.5,468,625.5
T001013,60,5,4,20260704,3,140,0.2,336.0,165,171.0
T001014,96,14,2,20260823,1,155,0.0,155.0,62,93.0
T001015,83,15,2,20260712,7,130,0.2,728.0,336,392.0
T001016,121,9,4,20260122,4,125,0.15,425.0,192,233.0
T001017,45,11,1,20260330,3,135,0.05,384.75,156,228.75
T001018,44,3,5,20261127,9,110,0.05,940.5,378,562.5
T001019,35,9,5,20260529,8,125,0.2,800.0,384,416.0
T001020,71,3,1,20261112,5,110,0.05,522.5,210,312.5
T001021,147,9,2,20261214,4,125,0.2,400.0,192,208.0
T001022,82,14,6,20260815,10,155,0.0,1550.0,620,930.0
T001023,141,8,4,20260706,3,130,0.0,390.0,150,240.0
T001024,9,2,1,20261201,10,100,0.2,800.0,400,400.0
T001025,69,3,6,20260920,2,110,0.0,220.0,84,136.0
T001026,59,1,1,20260924,8,90,0.0,720.0,280,440.0
T001027,62,9,4,20261219,3,125,0.0,375.0,144,231.0
T001028,7,6,6,20260610,3,160,0.05,456.0,195,261.0
T001029,19,15,1,20260710,1,130,0.15,110.5,48,62.5
T001030,75,3,1,20260303,5,110,0.05,522.5,210,312.5
T001031,113,4,7,20260214,10,120,0.05,1140.0,450,690.0
T001032,16,13,1,20261011,5,175,0.0,875.0,350,525.0
T001033,142,15,1,20260607,8,130,0.15,884.0,384,500.0
T001034,37,15,7,20261104,7,130,0.2,728.0,336,392.0
T001035,117,7,4,20261005,4,150,0.0,600.0,240,360.0
T001036,131,12,3,20260524,4,145,0.0,580.0,224,356.0
T001037,12,7,3,20261222,4,150,0.0,600.0,240,360.0
T001038,95,13,4,20260422,8,175,0.15,1190.0,560,630.0
T001039,7,8,5,20260628,10,130,0.2,1040.0,500,540.0
T001040,54,7,3,20261229,3,150,0.05,427.5,180,247.5
T001041,104,15,6,20260912,3,130,0.15,331.5,144,187.5
T001042,48,15,4,20260320,8,130,0.15,884.0,384,500.0
T001043,64,4,7,20260418,6,120,0.15,612.0,270,342.0
T001044,90,5,3,20260218,2,140,0.1,252.0,110,142.0
T001045,149,10,4,20260525,4,115,0.05,437.0,176,261.0
T001046,78,1,7,20260812,5,90,0.0,450.0,175,275.0
T001047,145,10,5,20261010,3,115,0.2,276.0,132,144.0
T001048,25,11,3,20260329,7,135,0.1,850.5,364,486.5
T001049,112,11,7,20260812,4,135,0.0,540.0,208,332.0
T001050,131,3,4,20260321,3,110,0.05,313.5,126,187.5
T001051,112,14,6,20260424,7,155,0.05,1030.75,434,596.75
T001052,148,3,1,20260318,4,110,0.0,440.0,168,272.0
T001053,50,9,5,20260901,8,125,0.2,800.0,384,416.0
T001054,26,14,4,20260915,1,155,0.0,155.0,62,93.0
T001055,146,15,1,20260816,2,130,0.15,221.0,96,125.0
T001056,79,14,2,20260811,10,155,0.0,1550.0,620,930.0
T001057,89,11,2,20261021,6,135,0.0,810.0,312,498.0
T001058,41,2,7,20260903,5,100,0.0,500.0,200,300.0
T001059,26,13,5,20260510,1,175,0.15,148.75,70,78.75
T001060,53,4,2,20260126,2,120,0.05,228.0,90,138.0
T001061,68,2,7,20260510,8,100,0.0,800.0,320,480.0
T001062,119,5,1,20260509,4,140,0.05,532.0,220,312.0
T001063,106,15,7,20260505,2,130,0.0,260.0,96,164.0
T001064,28,6,1,20260105,8,160,0.2,1024.0,520,504.0
T001065,58,1,7,20260909,4,90,0.05,342.0,140,202.0
T001066,100,13,3,20260119,7,175,0.2,980.0,490,490.0
T001067,80,4,4,20261001,7,120,0.0,840.0,315,525.0
T001068,113,9,7,20261113,7,125,0.15,743.75,336,407.75
T001069,122,13,7,20260929,5,175,0.0,875.0,350,525.0
T001070,55,7,7,20260728,1,150,0.15,127.5,60,67.5
T001071,63,10,4,20260421,9,115,0.15,879.75,396,483.75
T001072,95,11,1,20260302,7,135,0.0,945.0,364,581.0
T001073,125,11,3,20260107,3,135,0.0,405.0,156,249.0
T001074,77,3,7,20260829,7,110,0.2,616.0,294,322.0
T001075,53,15,6,20261122,3,130,0.2,312.0,144,168.0
T001076,76,1,6,20260721,1,90,0.1,81.0,35,46.0
T001077,134,6,6,20260815,10,160,0.0,1600.0,650,950.0
T001078,13,3,1,20260622,2,110,0.05,209.0,84,125.0
T001079,79,5,7,20260123,9,140,0.2,1008.0,495,513.0
T001080,18,2,1,20260325,5,100,0.0,500.0,200,300.0
T001081,102,3,6,20260708,9,110,0.2,792.0,378,414.0
T001082,134,2,1,20260801,8,100,0.05,760.0,320,440.0
T001083,28,7,4,20260907,7,150,0.0,1050.0,420,630.0
T001084,123,6,2,20260714,7,160,0.1,1008.0,455,553.0
T001085,72,9,7,20260923,2,125,0.15,212.5,96,116.5
T001086,68,8,6,20260122,4,130,0.0,520.0,200,320.0
T001087,71,13,4,20260814,6,175,0.0,1050.0,420,630.0
T001088,109,3,5,20261105,3,110,0.05,313.5,126,187.5
T001089,5,9,1,20260502,7,125,0.0,875.0,336,539.0
T001090,78,8,5,20260118,10,130,0.1,1170.0,500,670.0
T001091,27,2,7,20261230,2,100,0.1,180.0,80,100.0
T001092,5,12,5,20260604,7,145,0.05,964.25,392,572.25
T001093,23,8,7,20260306,1,130,0.0,130.0,50,80.0
T001094,21,4,5,20260319,2,120,0.15,204.0,90,114.0
T001095,19,9,5,20260410,3,125,0.05,356.25,144,212.25
T001096,62,5,4,20260802,6,140,0.0,840.0,330,510.0
T001097,140,2,6,20261016,7,100,0.05,665.0,280,385.0
T001098,29,14,1,20261102,2,155,0.1,279.0,124,155.0
T001099,56,12,5,20260202,10,145,0.2,1160.0,560,600.0
T001100,75,8,6,20260523,3,130,0.15,331.5,150,181.5
T001101,117,5,1,20260812,10,140,0.05,1330.0,550,780.0
T001102,131,5,5,20260603,2,140,0.0,280.0,110,170.0
T001103,59,6,4,20260922,6,160,0.0,960.0,390,570.0
T001104,129,14,5,20260612,5,155,0.2,620.0,310,310.0
T001105,106,4,3,20260607,9,120,0.05,1026.0,405,621.0
T001106,62,15,5,20261101,7,130,0.1,819.0,336,483.0
T001107,53,14,7,20260512,3,155,0.15,395.25,186,209.25
T001108,143,13,2,20261128,1,175,0.0,175.0,70,105.0
T001109,45,12,7,20260512,6,145,0.05,826.5,336,490.5
T001110,50,15,5,20261220,7,130,0.1,819.0,336,483.0
T001111,25,11,6,20260331,5,135,0.2,540.0,260,280.0
T001112,136,8,2,20260223,7,130,0.0,910.0,350,560.0
T001113,109,7,4,20260408,4,150,0.05,570.0,240,330.0
T001114,74,9,6,20261208,7,125,0.2,700.0,336,364.0
T001115,102,9,4,20261019,4,125,0.1,450.0,192,258.0
T001116,87,13,5,20260314,9,175,0.1,1417.5,630,787.5
T001117,62,2,7,20260119,2,100,0.2,160.0,80,80.0
T001118,93,14,2,20261013,5,155,0.1,697.5,310,387.5
T001119,95,5,3,20260901,3,140,0.15,357.0,165,192.0
T001120,23,3,2,20261209,3,110,0.15,280.5,126,154.5
T001121,87,8,2,20260929,2,130,0.15,221.0,100,121.0
T001122,142,12,2,20260321,4,145,0.05,551.0,224,327.0
T001123,69,2,3,20260528,4,100,0.1,360.0,160,200.0
T001124,98,4,4,20260107,8,120,0.0,960.0,360,600.0
T001125,97,11,7,20260814,1,135,0.0,135.0,52,83.0
T001126,62,5,4,20260427,1,140,0.15,119.0,55,64.0
T001127,108,12,4,20260220,10,145,0.2,1160.0,560,600.0
T001128,115,4,1,20260916,5,120,0.0,600.0,225,375.0
T001129,9,10,3,20260130,2,115,0.15,195.5,88,107.5
T001130,125,12,6,20260111,9,145,0.0,1305.0,504,801.0
T001131,139,15,2,20260724,8,130,0.05,988.0,384,604.0
T001132,49,3,4,20260627,2,110,0.2,176.0,84,92.0
T001133,86,13,7,20261021,10,175,0.1,1575.0,700,875.0
T001134,146,5,7,20260410,6,140,0.0,840.0,330,510.0
T001135,27,9,3,20260914,1,125,0.05,118.75,48,70.75
T001136,67,12,6,20260511,5,145,0.1,652.5,280,372.5
T001137,119,8,4,20260926,8,130,0.15,884.0,400,484.0
T001138,45,12,1,20260612,2,145,0.0,290.0,112,178.0
T001139,33,15,6,20261217,4,130,0.0,520.0,192,328.0
T001140,86,11,4,20260418,4,135,0.05,513.0,208,305.0
T001141,12,13,4,20260817,3,175,0.0,525.0,210,315.0
T001142,18,2,4,20260331,8,100,0.0,800.0,320,480.0
T001143,106,12,4,20260110,9,145,0.0,1305.0,504,801.0
T001144,36,14,2,20260731,1,155,0.15,131.75,62,69.75
T001145,79,6,2,20260730,8,160,0.1,1152.0,520,632.0
T001146,130,11,1,20260722,1,135,0.05,128.25,52,76.25
T001147,111,13,5,20260120,4,175,0.0,700.0,280,420.0
T001148,25,1,1,20260621,1,90,0.1,81.0,35,46.0
T001149,96,8,6,20260908,2,130,0.15,221.0,100,121.0
T001150,4,6,5,20260713,7,160,0.2,896.0,455,441.0
T001151,17,10,4,20260514,8,115,0.15,782.0,352,430.0
T001152,126,2,4,20260927,2,100,0.1,180.0,80,100.0
T001153,111,8,1,20261204,9,130,0.15,994.5,450,544.5
T001154,121,12,1,20260113,5,145,0.0,725.0,280,445.0
T001155,71,11,4,20261107,1,135,0.1,121.5,52,69.5
T001156,120,10,3,20260507,7,115,0.0,805.0,308,497.0
T001157,14,13,6,20260601,6,175,0.05,997.5,420,577.5
T001158,146,15,2,20261006,7,130,0.15,773.5,336,437.5
T001159,118,7,1,20261204,9,150,0.2,1080.0,540,540.0
T001160,123,10,2,20261025,5,115,0.2,460.0,220,240.0
T001161,75,12,1,20261001,1,145,0.0,145.0,56,89.0
T001162,16,15,6,20260614,4,130,0.0,520.0,192,328.0
T001163,68,13,2,20261128,4,175,0.2,560.0,280,280.0
T001164,136,4,7,20260715,10,120,0.05,1140.0,450,690.0
T001165,26,3,5,20261111,4,110,0.1,396.0,168,228.0
T001166,40,6,4,20260922,8,160,0.0,1280.0,520,760.0
T001167,95,5,7,20261013,1,140,0.15,119.0,55,64.0
T001168,14,8,7,20260519,2,130,0.0,260.0,100,160.0
T001169,141,14,4,20260101,2,155,0.05,294.5,124,170.5
T001170,98,3,1,20260618,3,110,0.05,313.5,126,187.5
T001171,149,1,6,20261005,2,90,0.1,162.0,70,92.0
T001172,125,3,7,20260917,2,110,0.0,220.0,84,136.0
T001173,59,5,7,20260320,1,140,0.0,140.0,55,85.0
T001174,47,15,1,20260513,8,130,0.2,832.0,384,448.0
T001175,84,13,7,20260925,3,175,0.0,525.0,210,315.0
T001176,101,11,6,20260610,3,135,0.2,324.0,156,168.0
T001177,65,5,4,20261018,10,140,0.15,1190.0,550,640.0
T001178,96,10,2,20260404,3,115,0.0,345.0,132,213.0
T001179,32,1,6,20261222,4,90,0.05,342.0,140,202.0
T001180,26,6,3,20260104,5,160,0.2,640.0,325,315.0
T001181,139,14,7,20260827,3,155,0.1,418.5,186,232.5
T001182,103,6,1,20260224,3,160,0.0,480.0,195,285.0
T001183,2,15,1,20260417,2,130,0.2,208.0,96,112.0
T001184,64,3,1,20260725,8,110,0.2,704.0,336,368.0
T001185,116,7,7,20260127,2,150,0.0,300.0,120,180.0
T001186,62,4,3,20260723,10,120,0.1,1080.0,450,630.0
T001187,137,8,7,20260627,6,130,0.2,624.0,300,324.0
T001188,75,2,4,20260307,7,100,0.05,665.0,280,385.0
T001189,55,2,6,20260530,7,100,0.05,665.0,280,385.0
T001190,124,4,3,20260816,5,120,0.1,540.0,225,315.0
T001191,116,2,1,20261115,2,100,0.15,170.0,80,90.0
T001192,66,7,7,20260816,8,150,0.05,1140.0,480,660.0
T001193,129,4,1,20260722,3,120,0.15,306.0,135,171.0
T001194,124,1,2,20260810,7,90,0.05,598.5,245,353.5
T001195,143,2,6,20260712,2,100,0.1,180.0,80,100.0
T001196,106,5,2,20261204,9,140,0.0,1260.0,495,765.0
T001197,120,8,3,20260528,5,130,0.15,552.5,250,302.5
T001198,36,10,5,20260902,3,115,0.05,327.75,132,195.75
T001199,5,14,5,20261124,7,155,0.2,868.0,434,434.0
T001200,138,14,3,20260113,8,155,0.05,1178.0,496,682.0
T001201,6,13,4,20260420,8,175,0.1,1260.0,560,700.0
T001202,24,13,6,20260411,2,175,0.2,280.0,140,140.0
T001203,52,7,3,20260424,7,150,0.05,997.5,420,577.5
T001204,117,15,6,20261023,7,130,0.05,864.5,336,528.5
T001205,18,4,1,20260719,5,120,0.15,510.0,225,285.0
T001206,115,12,5,20260228,7,145,0.2,812.0,392,420.0
T001207,44,7,5,20260629,4,150,0.2,480.0,240,240.0
T001208,110,9,5,20261030,6,125,0.05,712.5,288,424.5
T001209,115,8,3,20260717,1,130,0.1,117.0,50,67.0
T001210,14,4,5,20261016,3,120,0.0,360.0,135,225.0
T001211,21,13,3,20260627,4,175,0.0,700.0,280,420.0
T001212,114,5,7,20260913,9,140,0.1,1134.0,495,639.0
T001213,17,1,1,20260930,3,90,0.2,216.0,105,111.0
T001214,98,2,6,20260417,3,100,0.15,255.0,120,135.0
T001215,37,2,3,20260604,9,100,0.05,855.0,360,495.0
T001216,32,4,4,20261202,1,120,0.0,120.0,45,75.0
T001217,104,1,3,20260907,5,90,0.05,427.5,175,252.5
T001218,48,5,2,20260817,8,140,0.0,1120.0,440,680.0
T001219,117,13,7,20260323,6,175,0.0,1050.0,420,630.0
T001220,101,11,6,20261102,9,135,0.0,1215.0,468,747.0
T001221,71,6,3,20260408,9,160,0.0,1440.0,585,855.0
T001222,143,2,7,20261124,6,100,0.1,540.0,240,300.0
T001223,82,14,5,20260429,1,155,0.0,155.0,62,93.0
T001224,111,14,6,20260816,6,155,0.05,883.5,372,511.5
T001225,57,10,2,20260913,5,115,0.0,575.0,220,355.0
T001226,123,9,3,20261121,10,125,0.05,1187.5,480,707.5
T001227,3,2,4,20261223,10,100,0.0,1000.0,400,600.0
T001228,100,12,5,20261029,6,145,0.1,783.0,336,447.0
T001229,141,13,4,20260417,10,175,0.0,1750.0,700,1050.0
T001230,56,8,1,20260908,6,130,0.1,702.0,300,402.0
T001231,75,5,6,20260101,3,140,0.2,336.0,165,171.0
T001232,53,12,7,20260815,5,145,0.15,616.25,280,336.25
T001233,51,3,5,20260909,5,110,0.1,495.0,210,285.0
T001234,76,2,1,20260625,6,100,0.2,480.0,240,240.0
T001235,45,3,5,20260409,7,110,0.2,616.0,294,322.0
T001236,38,6,1,20260527,2,160,0.05,304.0,130,174.0
T001237,106,9,7,20260509,5,125,0.2,500.0,240,260.0
T001238,144,13,3,20260821,6,175,0.05,997.5,420,577.5
T001239,57,1,6,20261204,6,90,0.0,540.0,210,330.0
T001240,111,4,7,20260614,5,120,0.05,570.0,225,345.0
T001241,80,14,6,20260113,5,155,0.0,775.0,310,465.0
T001242,55,3,3,20260920,6,110,0.0,660.0,252,408.0
T001243,31,6,3,20261123,9,160,0.0,1440.0,585,855.0
T001244,149,2,3,20260807,8,100,0.1,720.0,320,400.0
T001245,133,9,3,20260606,1,125,0.05,118.75,48,70.75
T001246,68,13,5,20260804,9,175,0.0,1575.0,630,945.0
T001247,35,6,4,20260901,4,160,0.05,608.0,260,348.0
T001248,61,2,6,20261108,4,100,0.0,400.0,160,240.0
T001249,135,12,2,20260118,4,145,0.0,580.0,224,356.0
T001250,127,14,6,20261002,6,155,0.1,837.0,372,465.0
T001251,50,1,6,20260711,4,90,0.1,324.0,140,184.0
T001252,12,4,4,20260923,6,120,0.0,720.0,270,450.0
T001253,31,6,3,20260213,8,160,0.0,1280.0,520,760.0
T001254,45,15,5,20260920,2,130,0.15,221.0,96,125.0
T001255,97,14,2,20261115,3,155,0.05,441.75,186,255.75
T001256,86,13,5,20260422,8,175,0.0,1400.0,560,840.0
T001257,102,13,3,20260903,4,175,0.05,665.0,280,385.0
T001258,126,15,4,20260111,4,130,0.0,520.0,192,328.0
T001259,118,2,5,20261007,4,100,0.15,340.0,160,180.0
T001260,27,3,3,20260221,4,110,0.15,374.0,168,206.0
T001261,21,6,3,20261125,7,160,0.0,1120.0,455,665.0
T001262,99,5,1,20261004,8,140,0.1,1008.0,440,568.0
T001263,78,6,7,20260519,9,160,0.0,1440.0,585,855.0
T001264,21,3,4,20260407,4,110,0.05,418.0,168,250.0
T001265,49,7,5,20261213,2,150,0.2,240.0,120,120.0
T001266,12,12,5,20260212,10,145,0.0,1450.0,560,890.0
T001267,125,15,5,20260109,8,130,0.15,884.0,384,500.0
T001268,71,5,7,20261205,1,140,0.1,126.0,55,71.0
T001269,11,9,3,20261017,5,125,0.0,625.0,240,385.0
T001270,54,12,2,20260825,4,145,0.0,580.0,224,356.0
T001271,150,11,6,20260115,5,135,0.0,675.0,260,415.0
T001272,1,6,4,20260907,7,160,0.1,1008.0,455,553.0
T001273,27,9,1,20261224,8,125,0.15,850.0,384,466.0
T001274,35,12,4,20260122,8,145,0.1,1044.0,448,596.0
T001275,132,13,2,20260331,7,175,0.0,1225.0,490,735.0
T001276,69,5,4,20260915,2,140,0.0,280.0,110,170.0
T001277,94,15,4,20260301,10,130,0.0,1300.0,480,820.0
T001278,47,9,5,20260919,9,125,0.0,1125.0,432,693.0
T001279,85,2,1,20260312,4,100,0.05,380.0,160,220.0
T001280,108,1,1,20260427,3,90,0.0,270.0,105,165.0
T001281,55,8,4,20260217,7,130,0.05,864.5,350,514.5
T001282,143,3,2,20261121,10,110,0.1,990.0,420,570.0
T001283,89,1,2,20260829,9,90,0.0,810.0,315,495.0
T001284,54,12,1,20260621,8,145,0.0,1160.0,448,712.0
T001285,86,12,6,20260302,9,145,0.15,1109.25,504,605.25
T001286,13,3,5,20261024,5,110,0.15,467.5,210,257.5
T001287,108,10,4,20260104,10,115,0.0,1150.0,440,710.0
T001288,108,7,3,20260308,2,150,0.1,270.0,120,150.0
T001289,93,9,5,20260503,9,125,0.1,1012.5,432,580.5
T001290,96,5,4,20260317,5,140,0.15,595.0,275,320.0
T001291,83,1,4,20260216,2,90,0.1,162.0,70,92.0
T001292,31,3,4,20260911,6,110,0.0,660.0,252,408.0
T001293,39,1,5,20260503,1,90,0.2,72.0,35,37.0
T001294,83,8,7,20260527,1,130,0.0,130.0,50,80.0
T001295,66,8,2,20261209,8,130,0.1,936.0,400,536.0
T001296,48,4,1,20260718,6,120,0.0,720.0,270,450.0
T001297,118,14,5,20260628,3,155,0.0,465.0,186,279.0
T001298,18,4,6,20260806,8,120,0.2,768.0,360,408.0
T001299,34,13,4,20261024,2,175,0.2,280.0,140,140.0
T001300,105,7,1,20261029,4,150,0.15,510.0,240,270.0
T001301,113,4,5,20260304,6,120,0.0,720.0,270,450.0
T001302,113,2,3,20261021,10,100,0.0,1000.0,400,600.0
T001303,17,12,3,20260923,6,145,0.15,739.5,336,403.5
T001304,106,5,1,20260110,10,140,0.0,1400.0,550,850.0
T001305,9,6,5,20261123,8,160,0.0,1280.0,520,760.0
T001306,44,4,5,20260614,5,120,0.15,510.0,225,285.0
T001307,132,15,2,20261113,5,130,0.05,617.5,240,377.5
T001308,115,5,6,20261027,3,140,0.05,399.0,165,234.0
T001309,55,8,6,20260515,10,130,0.0,1300.0,500,800.0
T001310,34,8,2,20261028,4,130,0.2,416.0,200,216.0
T001311,79,7,2,20260620,7,150,0.1,945.0,420,525.0
T001312,94,13,2,20260722,1,175,0.1,157.5,70,87.5
T001313,135,3,3,20261127,6,110,0.2,528.0,252,276.0
T001314,35,5,4,20260416,3,140,0.05,399.0,165,234.0
T001315,132,8,7,20261224,9,130,0.15,994.5,450,544.5
T001316,87,3,2,20260416,9,110,0.05,940.5,378,562.5
T001317,111,12,6,20260102,3,145,0.0,435.0,168,267.0
T001318,28,4,1,20260514,5,120,0.15,510.0,225,285.0
T001319,64,10,3,20260913,5,115,0.05,546.25,220,326.25
T001320,14,13,6,20260627,10,175,0.2,1400.0,700,700.0
T001321,12,10,1,20261203,1,115,0.0,115.0,44,71.0
T001322,136,14,3,20261017,2,155,0.2,248.0,124,124.0
T001323,50,7,7,20261027,4,150,0.1,540.0,240,300.0
T001324,88,13,7,20261006,8,175,0.0,1400.0,560,840.0
T001325,31,14,3,20260606,7,155,0.2,868.0,434,434.0
T001326,142,15,7,20260702,5,130,0.2,520.0,240,280.0
T001327,83,4,6,20260221,5,120,0.05,570.0,225,345.0
T001328,60,2,5,20260520,1,100,0.0,100.0,40,60.0
T001329,148,6,4,20261110,3,160,0.2,384.0,195,189.0
T001330,69,15,3,20260812,4,130,0.2,416.0,192,224.0
T001331,133,11,7,20260326,9,135,0.05,1154.25,468,686.25
T001332,29,14,5,20260402,9,155,0.0,1395.0,558,837.0
T001333,132,6,2,20260116,9,160,0.1,1296.0,585,711.0
T001334,108,12,5,20260311,10,145,0.1,1305.0,560,745.0
T001335,23,6,1,20260326,1,160,0.2,128.0,65,63.0
T001336,7,3,7,20260612,10,110,0.0,1100.0,420,680.0
T001337,76,5,2,20260405,2,140,0.15,238.0,110,128.0
T001338,105,13,2,20261218,3,175,0.15,446.25,210,236.25
T001339,45,6,3,20261204,3,160,0.1,432.0,195,237.0
T001340,47,7,4,20260326,3,150,0.05,427.5,180,247.5
T001341,83,9,2,20260717,9,125,0.0,1125.0,432,693.0
T001342,23,13,3,20260726,9,175,0.05,1496.25,630,866.25
T001343,25,14,4,20261107,9,155,0.15,1185.75,558,627.75
T001344,31,14,5,20261118,10,155,0.05,1472.5,620,852.5
T001345,85,3,1,20261109,6,110,0.1,594.0,252,342.0
T001346,26,2,5,20260110,3,100,0.2,240.0,120,120.0
T001347,67,15,7,20260804,6,130,0.0,780.0,288,492.0
T001348,71,13,6,20260316,2,175,0.05,332.5,140,192.5
T001349,40,11,3,20260627,8,135,0.1,972.0,416,556.0
T001350,87,1,7,20261201,5,90,0.05,427.5,175,252.5
T001351,81,2,5,20261230,1,100,0.05,95.0,40,55.0
T001352,104,9,6,20261231,6,125,0.15,637.5,288,349.5
T001353,116,6,5,20261012,5,160,0.0,800.0,325,475.0
T001354,79,14,7,20260206,2,155,0.2,248.0,124,124.0
T001355,11,7,6,20260410,1,150,0.15,127.5,60,67.5
T001356,139,15,5,20260525,3,130,0.1,351.0,144,207.0
T001357,35,2,5,20261013,4,100,0.0,400.0,160,240.0
T001358,114,11,2,20261215,10,135,0.2,1080.0,520,560.0
T001359,58,1,2,20260101,1,90,0.2,72.0,35,37.0
T001360,40,13,7,20260502,7,175,0.15,1041.25,490,551.25
T001361,136,14,2,20260318,10,155,0.1,1395.0,620,775.0
T001362,2,5,7,20260903,4,140,0.2,448.0,220,228.0
T001363,125,9,3,20260611,1,125,0.05,118.75,48,70.75
T001364,116,11,2,20260812,3,135,0.15,344.25,156,188.25
T001365,136,11,7,20261103,6,135,0.2,648.0,312,336.0
T001366,126,15,6,20260104,9,130,0.15,994.5,432,562.5
T001367,123,6,1,20260318,7,160,0.05,1064.0,455,609.0
T001368,127,11,1,20261018,1,135,0.0,135.0,52,83.0
T001369,146,2,1,20260829,7,100,0.05,665.0,280,385.0
T001370,115,11,3,20260430,2,135,0.1,243.0,104,139.0
T001371,144,14,7,20261003,8,155,0.15,1054.0,496,558.0
T001372,139,10,5,20260607,6,115,0.1,621.0,264,357.0
T001373,20,7,7,20260422,7,150,0.0,1050.0,420,630.0
T001374,33,12,3,20260918,9,145,0.1,1174.5,504,670.5
T001375,62,4,7,20261208,4,120,0.0,480.0,180,300.0
T001376,103,1,3,20260424,5,90,0.05,427.5,175,252.5
T001377,108,9,1,20260129,5,125,0.2,500.0,240,260.0
T001378,77,10,4,20261015,10,115,0.2,920.0,440,480.0
T001379,121,3,6,20261120,8,110,0.1,792.0,336,456.0
T001380,25,1,4,20260527,8,90,0.15,612.0,280,332.0
T001381,130,11,2,20260615,1,135,0.2,108.0,52,56.0
T001382,60,3,7,20260908,5,110,0.05,522.5,210,312.5
T001383,85,2,5,20261109,1,100,0.15,85.0,40,45.0
T001384,29,7,3,20260630,6,150,0.05,855.0,360,495.0
T001385,37,5,7,20260618,3,140,0.0,420.0,165,255.0
T001386,17,14,7,20261029,8,155,0.15,1054.0,496,558.0
T001387,129,15,2,20260610,2,130,0.0,260.0,96,164.0
T001388,137,7,2,20260711,5,150,0.05,712.5,300,412.5
T001389,20,1,5,20260510,9,90,0.05,769.5,315,454.5
T001390,93,11,5,20261223,2,135,0.15,229.5,104,125.5
T001391,148,7,6,20261012,5,150,0.0,750.0,300,450.0
T001392,76,1,4,20260627,5,90,0.0,450.0,175,275.0
T001393,16,10,1,20260708,4,115,0.15,391.0,176,215.0
T001394,118,11,5,20261229,2,135,0.15,229.5,104,125.5
T001395,66,9,1,20260623,6,125,0.0,750.0,288,462.0
T001396,118,12,1,20260315,8,145,0.0,1160.0,448,712.0
T001397,71,9,6,20260402,9,125,0.05,1068.75,432,636.75
T001398,65,13,6,20260831,7,175,0.15,1041.25,490,551.25
T001399,51,14,5,20261014,2,155,0.0,310.0,124,186.0
T001400,148,14,5,20261005,1,155,0.0,155.0,62,93.0
T001401,105,3,3,20260813,7,110,0.15,654.5,294,360.5
T001402,1,4,4,20260601,2,120,0.2,192.0,90,102.0
T001403,66,3,2,20261006,8,110,0.15,748.0,336,412.0
T001404,2,3,6,20261214,1,110,0.15,93.5,42,51.5
T001405,16,1,3,20260706,7,90,0.05,598.5,245,353.5
T001406,28,10,2,20260502,8,115,0.0,920.0,352,568.0
T001407,59,12,6,20260208,2,145,0.0,290.0,112,178.0
T001408,150,8,1,20260425,2,130,0.05,247.0,100,147.0
T001409,42,8,3,20260811,7,130,0.1,819.0,350,469.0
T001410,98,6,2,20261225,8,160,0.0,1280.0,520,760.0
T001411,25,11,1,20261002,8,135,0.15,918.0,416,502.0
T001412,62,2,1,20260910,6,100,0.0,600.0,240,360.0
T001413,106,11,5,20260212,8,135,0.1,972.0,416,556.0
T001414,109,3,6,20260713,8,110,0.0,880.0,336,544.0
T001415,25,9,3,20260826,10,125,0.15,1062.5,480,582.5
T001416,58,6,3,20260323,10,160,0.2,1280.0,650,630.0
T001417,101,8,2,20260502,9,130,0.1,1053.0,450,603.0
T001418,37,11,5,20260812,4,135,0.0,540.0,208,332.0
T001419,17,6,7,20260626,2,160,0.05,304.0,130,174.0
T001420,119,3,4,20260302,8,110,0.0,880.0,336,544.0
T001421,10,10,1,20260726,9,115,0.1,931.5,396,535.5
T001422,33,9,1,20260407,4,125,0.05,475.0,192,283.0
T001423,92,4,3,20260731,10,120,0.0,1200.0,450,750.0
T001424,2,4,3,20261005,4,120,0.05,456.0,180,276.0
T001425,77,1,1,20260914,1,90,0.15,76.5,35,41.5
T001426,7,2,7,20261229,7,100,0.15,595.0,280,315.0
T001427,92,8,6,20260804,1,130,0.2,104.0,50,54.0
T001428,37,8,6,20261115,10,130,0.0,1300.0,500,800.0
T001429,119,14,7,20260322,6,155,0.15,790.5,372,418.5
T001430,137,15,7,20260517,8,130,0.0,1040.0,384,656.0
T001431,90,15,3,20260528,1,130,0.0,130.0,48,82.0
T001432,2,14,4,20260207,9,155,0.1,1255.5,558,697.5
T001433,123,12,7,20260227,2,145,0.0,290.0,112,178.0
T001434,24,7,1,20260518,9,150,0.2,1080.0,540,540.0
T001435,57,7,2,20260922,2,150,0.2,240.0,120,120.0
T001436,133,1,5,20260616,7,90,0.2,504.0,245,259.0
T001437,136,3,5,20261018,1,110,0.0,110.0,42,68.0
T001438,58,4,7,20260401,3,120,0.05,342.0,135,207.0
T001439,16,14,4,20260624,6,155,0.1,837.0,372,465.0
T001440,128,9,2,20261207,4,125,0.2,400.0,192,208.0
T001441,52,1,5,20260605,6,90,0.1,486.0,210,276.0
T001442,60,8,6,20260416,5,130,0.0,650.0,250,400.0
T001443,147,7,6,20260623,4,150,0.1,540.0,240,300.0
T001444,24,2,4,20261018,2,100,0.0,200.0,80,120.0
T001445,125,2,5,20260609,1,100,0.2,80.0,40,40.0
T001446,9,12,6,20260214,4,145,0.0,580.0,224,356.0
T001447,136,15,7,20260306,4,130,0.15,442.0,192,250.0
T001448,62,7,4,20261017,5,150,0.05,712.5,300,412.5
T001449,87,14,6,20260318,8,155,0.0,1240.0,496,744.0
T001450,120,9,3,20260818,1,125,0.05,118.75,48,70.75
T001451,124,4,5,20260422,5,120,0.15,510.0,225,285.0
T001452,150,10,6,20261207,9,115,0.05,983.25,396,587.25
T001453,139,12,1,20261129,3,145,0.0,435.0,168,267.0
T001454,34,12,2,20260227,1,145,0.0,145.0,56,89.0
T001455,139,1,2,20260911,5,90,0.05,427.5,175,252.5
T001456,124,4,7,20260715,1,120,0.05,114.0,45,69.0
T001457,84,14,2,20261218,3,155,0.1,418.5,186,232.5
T001458,83,6,3,20260515,3,160,0.0,480.0,195,285.0
T001459,127,5,7,20260916,1,140,0.2,112.0,55,57.0
T001460,121,15,1,20260430,8,130,0.2,832.0,384,448.0
T001461,124,14,7,20260416,3,155,0.0,465.0,186,279.0
T001462,31,9,4,20260914,1,125,0.05,118.75,48,70.75
T001463,49,9,5,20260405,10,125,0.15,1062.5,480,582.5
T001464,5,2,5,20260713,4,100,0.15,340.0,160,180.0
T001465,30,15,1,20260602,3,130,0.1,351.0,144,207.0
T001466,145,4,1,20260627,7,120,0.05,798.0,315,483.0
T001467,147,7,3,20260412,2,150,0.2,240.0,120,120.0
T001468,98,5,2,20260802,7,140,0.0,980.0,385,595.0
T001469,48,9,7,20260806,3,125,0.0,375.0,144,231.0
T001470,37,11,2,20260523,9,135,0.2,972.0,468,504.0
T001471,44,9,4,20260418,4,125,0.0,500.0,192,308.0
T001472,20,7,2,20260405,8,150,0.05,1140.0,480,660.0
T001473,23,11,3,20261222,4,135,0.0,540.0,208,332.0
T001474,7,1,5,20261030,2,90,0.15,153.0,70,83.0
T001475,21,13,5,20261017,2,175,0.05,332.5,140,192.5
T001476,136,7,5,20260504,6,150,0.05,855.0,360,495.0
T001477,144,7,5,20260722,9,150,0.2,1080.0,540,540.0
T001478,138,11,7,20260325,1,135,0.05,128.25,52,76.25
T001479,146,3,2,20260415,7,110,0.1,693.0,294,399.0
T001480,121,13,4,20260429,4,175,0.2,560.0,280,280.0
T001481,110,8,1,20261230,7,130,0.2,728.0,350,378.0
T001482,112,5,6,20260518,5,140,0.2,560.0,275,285.0
T001483,12,8,7,20261209,8,130,0.1,936.0,400,536.0
T001484,121,1,5,20260703,3,90,0.15,229.5,105,124.5
T001485,126,2,3,20260607,8,100,0.0,800.0,320,480.0
T001486,114,8,2,20260206,6,130,0.1,702.0,300,402.0
T001487,87,9,3,20260914,7,125,0.15,743.75,336,407.75
T001488,144,1,4,20260310,2,90,0.05,171.0,70,101.0
T001489,82,6,2,20260525,6,160,0.2,768.0,390,378.0
T001490,2,10,4,20260731,3,115,0.0,345.0,132,213.0
T001491,103,4,3,20260416,6,120,0.1,648.0,270,378.0
T001492,150,8,5,20260308,10,130,0.15,1105.0,500,605.0
T001493,61,10,6,20260121,6,115,0.2,552.0,264,288.0
T001494,137,3,6,20260119,10,110,0.15,935.0,420,515.0
T001495,96,5,6,20260204,7,140,0.2,784.0,385,399.0
T001496,130,7,3,20260908,6,150,0.0,900.0,360,540.0
T001497,60,15,5,20260522,4,130,0.1,468.0,192,276.0
T001498,141,8,2,20260519,2,130,0.0,260.0,100,160.0
T001499,20,14,7,20260829,7,155,0.15,922.25,434,488.25
T001500,19,5,6,20261220,2,140,0.0,280.0,110,170.0
