transaction_id,date_id,customer_id,product_id,store_id,quantity,unit_price,discount_rate,sales_amount,cost_amount,profit
T000001,20260812,C026,P013,S005,6,175,0.1,945.0,420,525.0
T000002,20261227,C145,P009,S001,4,125,0.2,400.0,192,208.0
T000003,20260216,C074,P014,S005,3,155,0.1,418.5,186,232.5
T000004,20260101,C074,P004,S005,1,120,0.0,120.0,45,75.0
T000005,20260628,C126,P002,S004,3,100,0.1,270.0,120,150.0
T000006,20261031,C132,P014,S003,5,155,0.15,658.75,310,348.75
T000007,20260323,C055,P014,S003,4,155,0.1,558.0,248,310.0
T000008,20260326,C021,P011,S001,8,135,0.2,864.0,416,448.0
T000009,20261015,C084,P002,S007,6,100,0.0,600.0,240,360.0
T000010,20260725,C023,P015,S004,7,130,0.2,728.0,336,392.0
T000011,20260113,C078,P004,S003,5,120,0.1,540.0,225,315.0
T000012,20261007,C098,P003,S005,4,110,0.1,396.0,168,228.0
T000013,20260306,C009,P010,S005,6,115,0.15,586.5,264,322.5
T000014,20260617,C116,P003,S005,9,110,0.2,792.0,378,414.0
T000015,20260615,C113,P008,S002,5,130,0.15,552.5,250,302.5
T000016,20260429,C119,P006,S002,4,160,0.15,544.0,260,284.0
T000017,20260409,C040,P005,S003,3,140,0.0,420.0,165,255.0
T000018,20260617,C090,P009,S005,3,125,0.0,375.0,144,231.0
T000019,20260617,C027,P005,S002,3,140,0.2,336.0,165,171.0
T000020,20260222,C039,P007,S002,3,150,0.05,427.5,180,247.5
T000021,20260602,C051,P005,S004,2,140,0.2,224.0,110,114.0
T000022,20260224,C100,P004,S003,8,120,0.0,960.0,360,600.0
T000023,20260107,C112,P014,S004,4,155,0.15,527.0,248,279.0
T000024,20261120,C006,P008,S003,3,130,0.05,370.5,150,220.5
T000025,20261106,C002,P007,S006,4,150,0.1,540.0,240,300.0
T000026,20261225,C108,P010,S005,4,115,0.2,368.0,176,192.0
T000027,20261201,C150,P011,S007,4,135,0.2,432.0,208,224.0
T000028,20260403,C117,P002,S006,7,100,0.05,665.0,280,385.0
T000029,20260514,C026,P012,S006,7,145,0.0,1015.0,392,623.0
T000030,20260724,C041,P012,S006,5,145,0.1,652.5,280,372.5
T000031,20260905,C105,P001,S004,9,90,0.2,648.0,315,333.0
T000032,20261205,C084,P003,S007,1,110,0.1,99.0,42,57.0
T000033,20260908,C065,P001,S001,9,90,0.0,810.0,315,495.0
T000034,20260324,C052,P013,S006,9,175,0.05,1496.25,630,866.25
T000035,20260221,C117,P010,S007,9,115,0.0,1035.0,396,639.0
T000036,20260901,C095,P001,S005,9,90,0.05,769.5,315,454.5
T000037,20260730,C054,P008,S006,3,130,0.1,351.0,150,201.0
T000038,20260921,C032,P015,S007,10,130,0.05,1235.0,480,755.0
T000039,20261123,C071,P005,S001,7,140,0.1,882.0,385,497.0
T000040,20260201,C108,P002,S001,7,100,0.2,560.0,280,280.0
T000041,20261224,C149,P006,S006,5,160,0.0,800.0,325,475.0
T000042,20260425,C103,P012,S003,9,145,0.0,1305.0,504,801.0
T000043,20260720,C043,P004,S004,3,120,0.0,360.0,135,225.0
T000044,20261121,C144,P008,S002,4,130,0.0,520.0,200,320.0
T000045,20260630,C106,P011,S006,8,135,0.05,1026.0,416,610.0
T000046,20261008,C121,P003,S006,6,110,0.0,660.0,252,408.0
T000047,20260517,C065,P007,S006,7,150,0.2,840.0,420,420.0
T000048,20260406,C072,P001,S004,6,90,0.0,540.0,210,330.0
T000049,20261202,C123,P006,S003,8,160,0.1,1152.0,520,632.0
T000050,20261116,C093,P002,S006,3,100,0.05,285.0,120,165.0
T000051,20260717,C145,P002,S001,6,100,0.0,600.0,240,360.0
T000052,20260929,C150,P006,S007,1,160,0.2,128.0,65,63.0
T000053,20260106,C076,P002,S002,5,100,0.15,425.0,200,225.0
T000054,20260221,C060,P003,S005,3,110,0.1,297.0,126,171.0
T000055,20260627,C054,P003,S007,7,110,0.15,654.5,294,360.5
T000056,20260327,C024,P015,S005,9,130,0.2,936.0,432,504.0
T000057,20260602,C055,P008,S002,9,130,0.0,1170.0,450,720.0
T000058,20260813,C030,P015,S006,9,130,0.0,1170.0,432,738.0
T000059,20260516,C036,P004,S004,8,120,0.1,864.0,360,504.0
T000060,20261013,C120,P008,S001,3,130,0.2,312.0,150,162.0
T000061,20260909,C043,P008,S002,9,130,0.15,994.5,450,544.5
T000062,20260104,C083,P014,S002,8,155,0.2,992.0,496,496.0
T000063,20261016,C076,P011,S004,8,135,0.05,1026.0,416,610.0
T000064,20260807,C020,P011,S004,3,135,0.2,324.0,156,168.0
T000065,20260704,C008,P011,S006,1,135,0.15,114.75,52,62.75
T000066,20260124,C085,P012,S006,2,145,0.15,246.5,112,134.5
T000067,20260905,C037,P013,S004,1,175,0.0,175.0,70,105.0
T000068,20260801,C087,P003,S006,2,110,0.2,176.0,84,92.0
T000069,20260707,C135,P008,S003,9,130,0.0,1170.0,450,720.0
T000070,20260526,C109,P006,S004,5,160,0.15,680.0,325,355.0
T000071,20260127,C075,P005,S007,6,140,0.1,756.0,330,426.0
T000072,20260726,C070,P009,S003,9,125,0.05,1068.75,432,636.75
T000073,20260415,C031,P008,S006,6,130,0.0,780.0,300,480.0
T000074,20260612,C033,P005,S006,10,140,0.2,1120.0,550,570.0
T000075,20260214,C103,P001,S007,9,90,0.1,729.0,315,414.0
T000076,20261007,C103,P001,S005,5,90,0.0,450.0,175,275.0
T000077,20260104,C122,P004,S001,10,120,0.2,960.0,450,510.0
T000078,20260131,C140,P009,S007,10,125,0.1,1125.0,480,645.0
T000079,20261112,C022,P011,S002,4,135,0.0,540.0,208,332.0
T000080,20261208,C045,P008,S006,2,130,0.2,208.0,100,108.0
T000081,20260403,C108,P001,S007,2,90,0.2,144.0,70,74.0
T000082,20260107,C036,P014,S003,5,155,0.15,658.75,310,348.75
T000083,20261230,C078,P014,S003,3,155,0.1,418.5,186,232.5
T000084,20260118,C111,P001,S003,10,90,0.2,720.0,350,370.0
T000085,20261024,C146,P008,S001,9,130,0.0,1170.0,450,720.0
T000086,20260302,C108,P013,S007,10,175,0.2,1400.0,700,700.0
T000087,20260727,C004,P002,S004,7,100,0.15,595.0,280,315.0
T000088,20261031,C122,P003,S006,7,110,0.15,654.5,294,360.5
T000089,20260222,C121,P011,S001,4,135,0.0,540.0,208,332.0
T000090,20261117,C002,P007,S001,1,150,0.2,120.0,60,60.0
T000091,20261209,C023,P014,S001,4,155,0.0,620.0,248,372.0
T000092,20260308,C071,P001,S004,10,90,0.0,900.0,350,550.0
T000093,20260819,C048,P012,S006,1,145,0.05,137.75,56,81.75
T000094,20261222,C022,P003,S007,5,110,0.2,440.0,210,230.0
T000095,20261013,C118,P008,S006,5,130,0.0,650.0,250,400.0
T000096,20260117,C004,P001,S001,10,90,0.0,900.0,350,550.0
T000097,20260719,C043,P005,S003,8,140,0.15,952.0,440,512.0
T000098,20260131,C148,P006,S003,8,160,0.1,1152.0,520,632.0
T000099,20261213,C030,P003,S002,6,110,0.2,528.0,252,276.0
T000100,20260325,C107,P013,S006,8,175,0.1,1260.0,560,700.0
T000101,20260820,C146,P013,S003,6,175,0.05,997.5,420,577.5
T000102,20260524,C086,P010,S001,10,115,0.2,920.0,440,480.0
T000103,20260108,C080,P003,S007,10,110,0.1,990.0,420,570.0
T000104,20260507,C097,P007,S004,10,150,0.0,1500.0,600,900.0
T000105,20260820,C001,P012,S003,6,145,0.05,826.5,336,490.5
T000106,20260518,C011,P003,S004,5,110,0.0,550.0,210,340.0
T000107,20261020,C141,P005,S002,8,140,0.05,1064.0,440,624.0
T000108,20261001,C142,P009,S001,8,125,0.1,900.0,384,516.0
T000109,20260413,C060,P013,S007,5,175,0.15,743.75,350,393.75
T000110,20260130,C120,P007,S006,4,150,0.05,570.0,240,330.0
T000111,20261028,C099,P001,S007,8,90,0.15,612.0,280,332.0
T000112,20260214,C091,P013,S005,2,175,0.0,350.0,140,210.0
T000113,20260723,C067,P009,S005,9,125,0.05,1068.75,432,636.75
T000114,20260902,C052,P010,S005,4,115,0.0,460.0,176,284.0
T000115,20260409,C075,P003,S001,6,110,0.15,561.0,252,309.0
T000116,20261016,C133,P007,S003,3,150,0.0,450.0,180,270.0
T000117,20260123,C028,P006,S004,6,160,0.2,768.0,390,378.0
T000118,20260826,C040,P002,S007,6,100,0.15,510.0,240,270.0
T000119,20260116,C133,P005,S003,10,140,0.0,1400.0,550,850.0
T000120,20260218,C145,P004,S001,8,120,0.15,816.0,360,456.0
T000121,20261018,C072,P005,S002,7,140,0.0,980.0,385,595.0
T000122,20260817,C034,P010,S007,5,115,0.0,575.0,220,355.0
T000123,20260623,C097,P003,S002,2,110,0.0,220.0,84,136.0
T000124,20260127,C095,P009,S001,8,125,0.1,900.0,384,516.0
T000125,20260202,C102,P010,S007,2,115,0.2,184.0,88,96.0
T000126,20260216,C145,P006,S003,4,160,0.2,512.0,260,252.0
T000127,20260215,C101,P009,S006,3,125,0.1,337.5,144,193.5
T000128,20260323,C057,P004,S003,3,120,0.0,360.0,135,225.0
T000129,20260512,C142,P001,S003,1,90,0.0,90.0,35,55.0
T000130,20260513,C124,P009,S007,1,125,0.0,125.0,48,77.0
T000131,20260316,C002,P013,S003,4,175,0.2,560.0,280,280.0
T000132,20260602,C113,P010,S005,2,115,0.1,207.0,88,119.0
T000133,20260615,C100,P005,S003,2,140,0.05,266.0,110,156.0
T000134,20260904,C113,P003,S004,4,110,0.0,440.0,168,272.0
T000135,20261213,C050,P008,S001,1,130,0.0,130.0,50,80.0
T000136,20260423,C096,P015,S001,3,130,0.1,351.0,144,207.0
T000137,20260219,C006,P014,S004,2,155,0.1,279.0,124,155.0
T000138,20260623,C060,P014,S003,8,155,0.0,1240.0,496,744.0
T000139,20261118,C085,P003,S003,4,110,0.2,352.0,168,184.0
T000140,20260130,C116,P012,S002,9,145,0.0,1305.0,504,801.0
T000141,20260813,C069,P003,S007,7,110,0.1,693.0,294,399.0
T000142,20260507,C070,P001,S002,10,90,0.05,855.0,350,505.0
T000143,20260621,C067,P003,S007,8,110,0.0,880.0,336,544.0
T000144,20260612,C124,P015,S004,2,130,0.0,260.0,96,164.0
T000145,20260920,C055,P011,S001,9,135,0.1,1093.5,468,625.5
T000146,20260527,C052,P005,S001,6,140,0.1,756.0,330,426.0
T000147,20260514,C061,P015,S002,2,130,0.1,234.0,96,138.0
T000148,20260529,C042,P015,S004,1,130,0.2,104.0,48,56.0
T000149,20260531,C005,P011,S002,8,135,0.15,918.0,416,502.0
T000150,20260624,C114,P003,S005,1,110,0.15,93.5,42,51.5
T000151,20260527,C112,P006,S002,1,160,0.1,144.0,65,79.0
T000152,20260422,C047,P010,S003,3,115,0.0,345.0,132,213.0
T000153,20260925,C045,P004,S007,4,120,0.15,408.0,180,228.0
T000154,20260210,C127,P002,S007,5,100,0.0,500.0,200,300.0
T000155,20260416,C050,P010,S002,10,115,0.05,1092.5,440,652.5
T000156,20260414,C134,P002,S001,7,100,0.2,560.0,280,280.0
T000157,20260129,C089,P013,S005,6,175,0.05,997.5,420,577.5
T000158,20261124,C024,P008,S007,1,130,0.1,117.0,50,67.0
T000159,20260902,C069,P014,S002,4,155,0.0,620.0,248,372.0
T000160,20261016,C010,P006,S007,3,160,0.2,384.0,195,189.0
T000161,20260710,C002,P010,S005,6,115,0.15,586.5,264,322.5
T000162,20260817,C031,P002,S005,6,100,0.2,480.0,240,240.0
T000163,20260506,C083,P014,S007,7,155,0.15,922.25,434,488.25
T000164,20260201,C028,P014,S003,8,155,0.1,1116.0,496,620.0
T000165,20260920,C138,P009,S001,3,125,0.0,375.0,144,231.0
T000166,20260505,C047,P004,S001,3,120,0.0,360.0,135,225.0
T000167,20260609,C008,P009,S003,1,125,0.0,125.0,48,77.0
T000168,20261224,C067,P004,S006,1,120,0.15,102.0,45,57.0
T000169,20261123,C134,P008,S005,4,130,0.2,416.0,200,216.0
T000170,20260816,C025,P006,S001,3,160,0.0,480.0,195,285.0
T000171,20260520,C127,P008,S001,10,130,0.15,1105.0,500,605.0
T000172,20260524,C032,P002,S001,7,100,0.0,700.0,280,420.0
T000173,20261005,C059,P004,S005,3,120,0.2,288.0,135,153.0
T000174,20261021,C102,P012,S004,3,145,0.0,435.0,168,267.0
T000175,20261122,C108,P012,S004,10,145,0.15,1232.5,560,672.5
T000176,20260927,C014,P007,S001,6,150,0.05,855.0,360,495.0
T000177,20260725,C086,P014,S002,7,155,0.15,922.25,434,488.25
T000178,20260614,C144,P007,S007,1,150,0.05,142.5,60,82.5
T000179,20260922,C091,P011,S002,4,135,0.1,486.0,208,278.0
T000180,20261206,C094,P001,S006,2,90,0.15,153.0,70,83.0
T000181,20260406,C111,P006,S001,4,160,0.15,544.0,260,284.0
T000182,20261209,C036,P004,S001,7,120,0.1,756.0,315,441.0
T000183,20260821,C011,P001,S006,1,90,0.2,72.0,35,37.0
T000184,20261114,C070,P015,S003,9,130,0.0,1170.0,432,738.0
T000185,20261115,C032,P005,S001,9,140,0.0,1260.0,495,765.0
T000186,20260811,C074,P001,S002,2,90,0.05,171.0,70,101.0
T000187,20260627,C031,P003,S006,1,110,0.15,93.5,42,51.5
T000188,20260921,C120,P002,S003,10,100,0.15,850.0,400,450.0
T000189,20260317,C131,P002,S004,3,100,0.05,285.0,120,165.0
T000190,20260728,C071,P005,S005,4,140,0.2,448.0,220,228.0
T000191,20260214,C074,P009,S006,8,125,0.15,850.0,384,466.0
T000192,20261222,C099,P004,S005,4,120,0.15,408.0,180,228.0
T000193,20261230,C141,P008,S003,5,130,0.15,552.5,250,302.5
T000194,20260902,C080,P014,S004,1,155,0.0,155.0,62,93.0
T000195,20260620,C132,P004,S002,9,120,0.1,972.0,405,567.0
T000196,20261027,C091,P001,S004,3,90,0.0,270.0,105,165.0
T000197,20260615,C126,P006,S005,5,160,0.05,760.0,325,435.0
T000198,20260421,C006,P001,S003,3,90,0.15,229.5,105,124.5
T000199,20260204,C090,P014,S005,8,155,0.2,992.0,496,496.0
T000200,20260201,C113,P007,S005,6,150,0.2,720.0,360,360.0
T000201,20260225,C040,P004,S005,7,120,0.05,798.0,315,483.0
T000202,20261209,C052,P003,S003,10,110,0.15,935.0,420,515.0
T000203,20260522,C133,P014,S007,2,155,0.2,248.0,124,124.0
T000204,20260901,C033,P013,S003,7,175,0.0,1225.0,490,735.0
T000205,20260103,C141,P013,S004,10,175,0.0,1750.0,700,1050.0
T000206,20260912,C039,P010,S004,7,115,0.05,764.75,308,456.75
T000207,20261115,C098,P002,S005,8,100,0.2,640.0,320,320.0
T000208,20260823,C091,P012,S003,5,145,0.05,688.75,280,408.75
T000209,20260720,C099,P009,S005,6,125,0.0,750.0,288,462.0
T000210,20260913,C077,P008,S004,3,130,0.15,331.5,150,181.5
T000211,20260605,C112,P003,S007,10,110,0.1,990.0,420,570.0
T000212,20261025,C085,P002,S002,6,100,0.15,510.0,240,270.0
T000213,20260505,C110,P004,S003,1,120,0.0,120.0,45,75.0
T000214,20260125,C128,P010,S003,5,115,0.15,488.75,220,268.75
T000215,20260609,C112,P010,S005,9,115,0.15,879.75,396,483.75
T000216,20261217,C119,P007,S004,6,150,0.0,900.0,360,540.0
T000217,20261101,C116,P006,S006,1,160,0.2,128.0,65,63.0
T000218,20260204,C026,P004,S005,7,120,0.05,798.0,315,483.0
T000219,20260914,C144,P011,S004,10,135,0.0,1350.0,520,830.0
T000220,20260407,C103,P008,S004,8,130,0.15,884.0,400,484.0
T000221,20261028,C136,P012,S003,2,145,0.0,290.0,112,178.0
T000222,20260705,C020,P006,S003,5,160,0.15,680.0,325,355.0
T000223,20260331,C076,P011,S001,6,135,0.15,688.5,312,376.5
T000224,20260804,C135,P003,S006,5,110,0.15,467.5,210,257.5
T000225,20260417,C049,P015,S005,7,130,0.0,910.0,336,574.0
T000226,20260131,C028,P010,S006,6,115,0.15,586.5,264,322.5
T000227,20261120,C011,P012,S006,7,145,0.0,1015.0,392,623.0
T000228,20260102,C142,P012,S003,1,145,0.05,137.75,56,81.75
T000229,20260723,C004,P002,S007,1,100,0.0,100.0,40,60.0
T000230,20260331,C142,P013,S004,10,175,0.05,1662.5,700,962.5
T000231,20261128,C037,P009,S005,10,125,0.0,1250.0,480,770.0
T000232,20260730,C038,P002,S005,3,100,0.15,255.0,120,135.0
T000233,20260918,C026,P001,S001,2,90,0.0,180.0,70,110.0
T000234,20260925,C120,P014,S004,10,155,0.1,1395.0,620,775.0
T000235,20260201,C149,P001,S006,6,90,0.0,540.0,210,330.0
T000236,20260502,C044,P005,S003,1,140,0.05,133.0,55,78.0
T000237,20261118,C150,P014,S001,2,155,0.05,294.5,124,170.5
T000238,20260409,C099,P010,S004,1,115,0.0,115.0,44,71.0
T000239,20260423,C012,P010,S004,8,115,0.0,920.0,352,568.0
T000240,20261114,C058,P004,S002,1,120,0.0,120.0,45,75.0
T000241,20261028,C081,P003,S007,1,110,0.1,99.0,42,57.0
T000242,20260605,C065,P010,S004,8,115,0.0,920.0,352,568.0
T000243,20260505,C150,P007,S006,4,150,0.1,540.0,240,300.0
T000244,20260608,C125,P015,S004,1,130,0.0,130.0,48,82.0
T000245,20260214,C092,P003,S002,7,110,0.0,770.0,294,476.0
T000246,20260104,C144,P007,S003,6,150,0.0,900.0,360,540.0
T000247,20260621,C099,P014,S005,6,155,0.1,837.0,372,465.0
T000248,20261130,C109,P002,S001,6,100,0.15,510.0,240,270.0
T000249,20260506,C120,P004,S004,5,120,0.05,570.0,225,345.0
T000250,20260502,C072,P001,S004,1,90,0.05,85.5,35,50.5
T000251,20260321,C034,P012,S002,2,145,0.0,290.0,112,178.0
T000252,20260519,C033,P014,S005,9,155,0.1,1255.5,558,697.5
T000253,20260828,C062,P013,S007,3,175,0.05,498.75,210,288.75
T000254,20260630,C104,P012,S002,7,145,0.2,812.0,392,420.0
T000255,20261025,C122,P005,S002,9,140,0.0,1260.0,495,765.0
T000256,20260427,C034,P008,S007,5,130,0.15,552.5,250,302.5
T000257,20260814,C137,P006,S005,4,160,0.1,576.0,260,316.0
T000258,20261108,C033,P004,S005,2,120,0.2,192.0,90,102.0
T000259,20260920,C070,P009,S001,7,125,0.0,875.0,336,539.0
T000260,20261203,C038,P010,S006,5,115,0.0,575.0,220,355.0
T000261,20260719,C046,P002,S006,4,100,0.05,380.0,160,220.0
T000262,20260407,C028,P015,S006,2,130,0.15,221.0,96,125.0
T000263,20260705,C077,P009,S007,4,125,0.0,500.0,192,308.0
T000264,20260609,C074,P004,S001,3,120,0.2,288.0,135,153.0
T000265,20260724,C104,P006,S003,8,160,0.2,1024.0,520,504.0
T000266,20261118,C034,P014,S007,5,155,0.0,775.0,310,465.0
T000267,20260116,C090,P011,S003,7,135,0.0,945.0,364,581.0
T000268,20261204,C119,P012,S006,4,145,0.1,522.0,224,298.0
T000269,20260630,C047,P002,S006,5,100,0.0,500.0,200,300.0
T000270,20260519,C057,P012,S005,1,145,0.1,130.5,56,74.5
T000271,20260121,C111,P003,S005,4,110,0.05,418.0,168,250.0
T000272,20260321,C011,P012,S004,9,145,0.05,1239.75,504,735.75
T000273,20261119,C145,P003,S006,4,110,0.15,374.0,168,206.0
T000274,20260912,C066,P009,S006,7,125,0.2,700.0,336,364.0
T000275,20261217,C001,P006,S005,2,160,0.2,256.0,130,126.0
T000276,20260527,C150,P015,S001,10,130,0.2,1040.0,480,560.0
T000277,20260125,C029,P011,S002,1,135,0.05,128.25,52,76.25
T000278,20260418,C089,P015,S007,2,130,0.1,234.0,96,138.0
T000279,20261222,C057,P007,S006,5,150,0.15,637.5,300,337.5
T000280,20260216,C114,P007,S003,6,150,0.2,720.0,360,360.0
T000281,20260915,C116,P012,S006,9,145,0.0,1305.0,504,801.0
T000282,20261213,C110,P004,S006,9,120,0.0,1080.0,405,675.0
T000283,20260908,C012,P004,S007,9,120,0.05,1026.0,405,621.0
T000284,20260331,C061,P003,S005,9,110,0.05,940.5,378,562.5
T000285,20260508,C092,P003,S001,6,110,0.1,594.0,252,342.0
T000286,20260217,C080,P011,S002,3,135,0.0,405.0,156,249.0
T000287,20261218,C124,P008,S006,4,130,0.2,416.0,200,216.0
T000288,20260504,C114,P009,S001,3,125,0.2,300.0,144,156.0
T000289,20260629,C035,P005,S006,3,140,0.15,357.0,165,192.0
T000290,20261016,C031,P006,S002,9,160,0.1,1296.0,585,711.0
T000291,20260328,C040,P011,S006,10,135,0.1,1215.0,520,695.0
T000292,20260727,C030,P004,S007,5,120,0.0,600.0,225,375.0
T000293,20260704,C012,P004,S004,1,120,0.05,114.0,45,69.0
T000294,20260605,C080,P002,S002,8,100,0.0,800.0,320,480.0
T000295,20260324,C120,P008,S003,10,130,0.05,1235.0,500,735.0
T000296,20260529,C019,P009,S002,1,125,0.0,125.0,48,77.0
T000297,20260828,C022,P008,S007,6,130,0.2,624.0,300,324.0
T000298,20261016,C126,P002,S003,7,100,0.1,630.0,280,350.0
T000299,20260408,C083,P009,S007,1,125,0.05,118.75,48,70.75
T000300,20260216,C065,P005,S006,4,140,0.0,560.0,220,340.0
T000301,20260312,C007,P001,S006,7,90,0.0,630.0,245,385.0
T000302,20260601,C135,P003,S003,3,110,0.0,330.0,126,204.0
T000303,20260608,C084,P010,S006,7,115,0.0,805.0,308,497.0
T000304,20261128,C082,P006,S007,4,160,0.05,608.0,260,348.0
T000305,20260311,C095,P015,S005,5,130,0.0,650.0,240,410.0
T000306,20260130,C146,P002,S001,7,100,0.0,700.0,280,420.0
T000307,20260421,C128,P007,S004,3,150,0.05,427.5,180,247.5
T000308,20261105,C021,P011,S005,3,135,0.2,324.0,156,168.0
T000309,20260427,C114,P003,S002,7,110,0.0,770.0,294,476.0
T000310,20260121,C123,P008,S007,4,130,0.0,520.0,200,320.0
T000311,20260710,C131,P001,S001,7,90,0.0,630.0,245,385.0
T000312,20260526,C015,P011,S001,9,135,0.2,972.0,468,504.0
T000313,20260804,C113,P002,S003,1,100,0.2,80.0,40,40.0
T000314,20260401,C097,P003,S006,5,110,0.0,550.0,210,340.0
T000315,20260815,C090,P010,S007,10,115,0.0,1150.0,440,710.0
T000316,20260829,C083,P009,S001,9,125,0.1,1012.5,432,580.5
T000317,20260808,C040,P015,S005,7,130,0.15,773.5,336,437.5
T000318,20261114,C016,P013,S001,6,175,0.15,892.5,420,472.5
T000319,20261204,C147,P010,S003,7,115,0.05,764.75,308,456.75
T000320,20260904,C036,P011,S006,5,135,0.05,641.25,260,381.25
T000321,20260929,C049,P001,S006,4,90,0.2,288.0,140,148.0
T000322,20260818,C038,P002,S006,10,100,0.05,950.0,400,550.0
T000323,20261012,C093,P007,S005,9,150,0.0,1350.0,540,810.0
T000324,20261017,C067,P007,S004,2,150,0.0,300.0,120,180.0
T000325,20260403,C029,P009,S002,4,125,0.05,475.0,192,283.0
T000326,20261129,C136,P004,S001,5,120,0.2,480.0,225,255.0
T000327,20260908,C118,P009,S002,4,125,0.15,425.0,192,233.0
T000328,20261021,C132,P002,S006,10,100,0.15,850.0,400,450.0
T000329,20260211,C019,P007,S007,8,150,0.0,1200.0,480,720.0
T000330,20260915,C030,P009,S005,9,125,0.0,1125.0,432,693.0
T000331,20260824,C101,P011,S007,9,135,0.0,1215.0,468,747.0
T000332,20260409,C024,P008,S005,3,130,0.05,370.5,150,220.5
T000333,20261113,C061,P007,S001,1,150,0.05,142.5,60,82.5
T000334,20260122,C055,P012,S001,8,145,0.05,1102.0,448,654.0
T000335,20260303,C110,P003,S006,2,110,0.15,187.0,84,103.0
T000336,20260414,C091,P002,S005,3,100,0.05,285.0,120,165.0
T000337,20260624,C003,P013,S007,5,175,0.0,875.0,350,525.0
T000338,20260503,C135,P009,S003,6,125,0.2,600.0,288,312.0
T000339,20260908,C091,P014,S001,2,155,0.05,294.5,124,170.5
T000340,20261009,C029,P013,S003,1,175,0.2,140.0,70,70.0
T000341,20260505,C050,P006,S003,8,160,0.0,1280.0,520,760.0
T000342,20261025,C006,P002,S004,8,100,0.0,800.0,320,480.0
T000343,20260207,C048,P005,S007,3,140,0.15,357.0,165,192.0
T000344,20260529,C098,P011,S007,3,135,0.15,344.25,156,188.25
T000345,20260509,C069,P012,S005,8,145,0.0,1160.0,448,712.0
T000346,20260113,C125,P003,S003,9,110,0.1,891.0,378,513.0
T000347,20260117,C010,P014,S007,2,155,0.0,310.0,124,186.0
T000348,20261114,C101,P011,S007,8,135,0.0,1080.0,416,664.0
T000349,20261221,C101,P008,S007,4,130,0.15,442.0,200,242.0
T000350,20260922,C085,P006,S001,9,160,0.0,1440.0,585,855.0
T000351,20260609,C012,P010,S002,4,115,0.0,460.0,176,284.0
T000352,20260704,C085,P008,S006,10,130,0.1,1170.0,500,670.0
T000353,20260718,C002,P006,S003,6,160,0.15,816.0,390,426.0
T000354,20260905,C006,P004,S003,4,120,0.1,432.0,180,252.0
T000355,20261108,C038,P011,S001,3,135,0.05,384.75,156,228.75
T000356,20260716,C129,P002,S003,5,100,0.05,475.0,200,275.0
T000357,20261019,C150,P009,S005,3,125,0.2,300.0,144,156.0
T000358,20260118,C025,P015,S005,4,130,0.1,468.0,192,276.0
T000359,20261121,C026,P011,S005,6,135,0.05,769.5,312,457.5
T000360,20260502,C037,P013,S007,2,175,0.05,332.5,140,192.5
T000361,20260624,C131,P006,S006,4,160,0.05,608.0,260,348.0
T000362,20261009,C086,P007,S006,1,150,0.2,120.0,60,60.0
T000363,20260622,C124,P006,S006,9,160,0.05,1368.0,585,783.0
T000364,20260505,C090,P004,S007,3,120,0.0,360.0,135,225.0
T000365,20260416,C117,P015,S001,7,130,0.1,819.0,336,483.0
T000366,20260722,C078,P013,S005,3,175,0.15,446.25,210,236.25
T000367,20260203,C079,P005,S002,5,140,0.2,560.0,275,285.0
T000368,20261020,C088,P011,S005,2,135,0.0,270.0,104,166.0
T000369,20261026,C046,P010,S001,5,115,0.15,488.75,220,268.75
T000370,20260630,C110,P006,S004,2,160,0.1,288.0,130,158.0
T000371,20260613,C066,P005,S002,9,140,0.0,1260.0,495,765.0
T000372,20260326,C061,P005,S006,1,140,0.0,140.0,55,85.0
T000373,20260125,C052,P008,S004,10,130,0.05,1235.0,500,735.0
T000374,20260914,C051,P002,S006,4,100,0.2,320.0,160,160.0
T000375,20260130,C013,P010,S002,2,115,0.0,230.0,88,142.0
T000376,20261022,C035,P012,S003,1,145,0.0,145.0,56,89.0
T000377,20260519,C004,P011,S005,6,135,0.0,810.0,312,498.0
T000378,20260419,C007,P006,S003,8,160,0.1,1152.0,520,632.0
T000379,20261109,C087,P013,S006,3,175,0.0,525.0,210,315.0
T000380,20260801,C023,P001,S007,10,90,0.05,855.0,350,505.0
T000381,20260911,C066,P007,S005,8,150,0.0,1200.0,480,720.0
T000382,20260114,C081,P010,S003,1,115,0.1,103.5,44,59.5
T000383,20261111,C085,P012,S006,3,145,0.0,435.0,168,267.0
T000384,20260110,C037,P004,S002,9,120,0.0,1080.0,405,675.0
T000385,20260703,C109,P006,S007,6,160,0.15,816.0,390,426.0
T000386,20261215,C143,P014,S005,3,155,0.2,372.0,186,186.0
T000387,20261105,C059,P006,S005,10,160,0.05,1520.0,650,870.0
T000388,20261231,C009,P013,S004,5,175,0.2,700.0,350,350.0
T000389,20261009,C144,P008,S006,5,130,0.05,617.5,250,367.5
T000390,20260925,C034,P005,S005,5,140,0.0,700.0,275,425.0
T000391,20261013,C093,P002,S004,3,100,0.2,240.0,120,120.0
T000392,20260427,C024,P013,S004,1,175,0.15,148.75,70,78.75
T000393,20260310,C140,P001,S001,9,90,0.0,810.0,315,495.0
T000394,20261012,C067,P003,S007,10,110,0.05,1045.0,420,625.0
T000395,20260318,C042,P014,S002,9,155,0.0,1395.0,558,837.0
T000396,20260629,C063,P012,S007,8,145,0.1,1044.0,448,596.0
T000397,20260420,C089,P015,S006,7,130,0.1,819.0,336,483.0
T000398,20260419,C007,P013,S003,2,175,0.2,280.0,140,140.0
T000399,20260108,C103,P013,S001,6,175,0.0,1050.0,420,630.0
T000400,20260427,C105,P007,S005,7,150,0.2,840.0,420,420.0
T000401,20261118,C008,P004,S007,5,120,0.0,600.0,225,375.0
T000402,20260515,C062,P007,S006,4,150,0.05,570.0,240,330.0
T000403,20260415,C109,P013,S003,5,175,0.05,831.25,350,481.25
T000404,20260913,C041,P010,S002,8,115,0.05,874.0,352,522.0
T000405,20260311,C073,P005,S007,2,140,0.05,266.0,110,156.0
T000406,20260103,C064,P014,S004,3,155,0.05,441.75,186,255.75
T000407,20261216,C116,P010,S005,4,115,0.15,391.0,176,215.0
T000408,20260127,C093,P004,S007,1,120,0.1,108.0,45,63.0
T000409,20260404,C036,P014,S004,5,155,0.2,620.0,310,310.0
T000410,20260113,C039,P002,S007,1,100,0.0,100.0,40,60.0
T000411,20260604,C091,P009,S002,2,125,0.0,250.0,96,154.0
T000412,20260826,C024,P007,S006,7,150,0.05,997.5,420,577.5
T000413,20261125,C102,P012,S006,6,145,0.0,870.0,336,534.0
T000414,20261027,C004,P004,S002,1,120,0.0,120.0,45,75.0
T000415,20260916,C148,P004,S005,7,120,0.2,672.0,315,357.0
T000416,20260223,C013,P001,S006,6,90,0.0,540.0,210,330.0
T000417,20260226,C035,P008,S001,9,130,0.1,1053.0,450,603.0
T000418,20260102,C139,P004,S002,3,120,0.2,288.0,135,153.0
T000419,20261007,C136,P002,S005,6,100,0.1,540.0,240,300.0
T000420,20260209,C058,P004,S003,2,120,0.05,228.0,90,138.0
T000421,20261227,C068,P001,S002,5,90,0.0,450.0,175,275.0
T000422,20260123,C013,P009,S002,7,125,0.15,743.75,336,407.75
T000423,20260705,C084,P001,S003,1,90,0.2,72.0,35,37.0
T000424,20260821,C141,P005,S005,6,140,0.2,672.0,330,342.0
T000425,20260730,C069,P012,S007,7,145,0.1,913.5,392,521.5
T000426,20260612,C099,P007,S005,3,150,0.1,405.0,180,225.0
T000427,20260717,C037,P013,S004,1,175,0.0,175.0,70,105.0
T000428,20261108,C066,P015,S005,10,130,0.2,1040.0,480,560.0
T000429,20260713,C051,P014,S002,2,155,0.0,310.0,124,186.0
T000430,20261114,C013,P001,S007,7,90,0.2,504.0,245,259.0
T000431,20261013,C114,P011,S003,9,135,0.2,972.0,468,504.0
T000432,20260611,C001,P010,S004,8,115,0.2,736.0,352,384.0
T000433,20261128,C131,P008,S007,6,130,0.15,663.0,300,363.0
T000434,20261007,C097,P004,S004,6,120,0.2,576.0,270,306.0
T000435,20260202,C069,P009,S004,10,125,0.2,1000.0,480,520.0
T000436,20261213,C019,P006,S007,9,160,0.2,1152.0,585,567.0
T000437,20260425,C068,P013,S005,5,175,0.1,787.5,350,437.5
T000438,20260628,C123,P010,S005,10,115,0.0,1150.0,440,710.0
T000439,20260314,C136,P015,S001,6,130,0.15,663.0,288,375.0
T000440,20260415,C094,P003,S005,4,110,0.2,352.0,168,184.0
T000441,20260330,C118,P014,S002,3,155,0.2,372.0,186,186.0
T000442,20261130,C012,P015,S007,6,130,0.1,702.0,288,414.0
T000443,20260705,C110,P014,S007,2,155,0.1,279.0,124,155.0
T000444,20260320,C097,P005,S006,2,140,0.05,266.0,110,156.0
T000445,20260702,C134,P013,S006,9,175,0.05,1496.25,630,866.25
T000446,20260820,C071,P002,S006,7,100,0.05,665.0,280,385.0
T000447,20260817,C116,P002,S006,8,100,0.2,640.0,320,320.0
T000448,20260331,C039,P009,S007,1,125,0.2,100.0,48,52.0
T000449,20260308,C134,P008,S003,4,130,0.15,442.0,200,242.0
T000450,20260709,C098,P006,S005,5,160,0.0,800.0,325,475.0
T000451,20261012,C147,P001,S002,5,90,0.0,450.0,175,275.0
T000452,20261030,C140,P005,S002,5,140,0.05,665.0,275,390.0
T000453,20260511,C113,P005,S002,2,140,0.15,238.0,110,128.0
T000454,20261122,C023,P014,S004,4,155,0.0,620.0,248,372.0
T000455,20260805,C096,P005,S007,1,140,0.2,112.0,55,57.0
T000456,20260815,C011,P006,S004,5,160,0.1,720.0,325,395.0
T000457,20260809,C066,P010,S006,6,115,0.0,690.0,264,426.0
T000458,20260717,C034,P010,S007,10,115,0.0,1150.0,440,710.0
T000459,20261231,C017,P006,S005,4,160,0.05,608.0,260,348.0
T000460,20260206,C115,P013,S001,7,175,0.1,1102.5,490,612.5
T000461,20260927,C007,P008,S004,2,130,0.15,221.0,100,121.0
T000462,20261016,C119,P015,S004,7,130,0.1,819.0,336,483.0
T000463,20260831,C017,P015,S002,8,130,0.1,936.0,384,552.0
T000464,20260909,C003,P009,S002,4,125,0.2,400.0,192,208.0
T000465,20260413,C011,P009,S004,5,125,0.15,531.25,240,291.25
T000466,20260619,C118,P007,S007,2,150,0.0,300.0,120,180.0
T000467,20260424,C147,P002,S007,1,100,0.0,100.0,40,60.0
T000468,20260912,C056,P014,S001,10,155,0.1,1395.0,620,775.0
T000469,20260129,C052,P011,S007,6,135,0.1,729.0,312,417.0
T000470,20260129,C107,P012,S005,10,145,0.0,1450.0,560,890.0
T000471,20260728,C038,P001,S007,6,90,0.05,513.0,210,303.0
T000472,20260408,C048,P001,S005,9,90,0.05,769.5,315,454.5
T000473,20260924,C081,P002,S003,7,100,0.05,665.0,280,385.0
T000474,20261206,C143,P005,S007,7,140,0.15,833.0,385,448.0
T000475,20260804,C079,P001,S006,5,90,0.0,450.0,175,275.0
T000476,20260714,C139,P007,S007,5,150,0.05,712.5,300,412.5
T000477,20260414,C054,P001,S002,9,90,0.2,648.0,315,333.0
T000478,20260711,C126,P011,S004,10,135,0.0,1350.0,520,830.0
T000479,20260707,C052,P006,S007,8,160,0.2,1024.0,520,504.0
T000480,20261012,C081,P001,S006,1,90,0.15,76.5,35,41.5
T000481,20260204,C083,P010,S004,1,115,0.05,109.25,44,65.25
T000482,20260423,C075,P008,S007,4,130,0.2,416.0,200,216.0
T000483,20260418,C117,P010,S007,7,115,0.2,644.0,308,336.0
T000484,20260816,C053,P015,S002,1,130,0.0,130.0,48,82.0
T000485,20260811,C032,P011,S007,1,135,0.0,135.0,52,83.0
T000486,20260206,C128,P010,S007,3,115,0.0,345.0,132,213.0
T000487,20261015,C043,P013,S006,8,175,0.0,1400.0,560,840.0
T000488,20261212,C076,P011,S006,4,135,0.15,459.0,208,251.0
T000489,20260323,C053,P013,S002,9,175,0.0,1575.0,630,945.0
T000490,20260827,C024,P004,S001,1,120,0.1,108.0,45,63.0
T000491,20260425,C066,P014,S006,8,155,0.2,992.0,496,496.0
T000492,20260806,C015,P014,S002,3,155,0.0,465.0,186,279.0
T000493,20260323,C076,P008,S007,4,130,0.15,442.0,200,242.0
T000494,20260613,C040,P009,S006,5,125,0.05,593.75,240,353.75
T000495,20260616,C055,P014,S005,3,155,0.2,372.0,186,186.0
T000496,20260429,C084,P001,S004,7,90,0.0,630.0,245,385.0
T000497,20261125,C140,P004,S003,2,120,0.0,240.0,90,150.0
T000498,20260826,C048,P012,S002,7,145,0.05,964.25,392,572.25
T000499,20261214,C010,P002,S004,6,100,0.0,600.0,240,360.0
T000500,20261203,C135,P011,S002,9,135,0.0,1215.0,468,747.0
T000501,20260529,C005,P006,S004,8,160,0.0,1280.0,520,760.0
T000502,20260413,C078,P005,S004,10,140,0.15,1190.0,550,640.0
T000503,20261004,C052,P002,S007,3,100,0.1,270.0,120,150.0
T000504,20260519,C059,P015,S007,10,130,0.05,1235.0,480,755.0
T000505,20260117,C026,P010,S005,1,115,0.05,109.25,44,65.25
T000506,20260410,C077,P011,S002,1,135,0.0,135.0,52,83.0
T000507,20260620,C124,P008,S003,4,130,0.05,494.0,200,294.0
T000508,20260706,C077,P002,S002,2,100,0.2,160.0,80,80.0
T000509,20261014,C142,P002,S004,2,100,0.0,200.0,80,120.0
T000510,20261101,C010,P008,S004,1,130,0.0,130.0,50,80.0
T000511,20260920,C106,P002,S005,3,100,0.1,270.0,120,150.0
T000512,20261023,C020,P006,S007,6,160,0.2,768.0,390,378.0
T000513,20261206,C093,P003,S006,3,110,0.2,264.0,126,138.0
T000514,20260216,C123,P001,S003,5,90,0.0,450.0,175,275.0
T000515,20260514,C062,P002,S001,2,100,0.0,200.0,80,120.0
T000516,20260912,C139,P009,S003,2,125,0.05,237.5,96,141.5
T000517,20260828,C146,P003,S002,9,110,0.0,990.0,378,612.0
T000518,20260917,C051,P006,S003,5,160,0.1,720.0,325,395.0
T000519,20261012,C062,P003,S002,9,110,0.15,841.5,378,463.5
T000520,20260503,C028,P001,S001,1,90,0.1,81.0,35,46.0
T000521,20261226,C059,P004,S005,2,120,0.0,240.0,90,150.0
T000522,20260320,C008,P005,S007,7,140,0.1,882.0,385,497.0
T000523,20261116,C075,P002,S005,10,100,0.0,1000.0,400,600.0
T000524,20260213,C056,P010,S006,4,115,0.0,460.0,176,284.0
T000525,20261101,C132,P013,S007,1,175,0.0,175.0,70,105.0
T000526,20260207,C026,P006,S005,1,160,0.0,160.0,65,95.0
T000527,20261113,C045,P012,S007,5,145,0.05,688.75,280,408.75
T000528,20260213,C119,P013,S007,10,175,0.0,1750.0,700,1050.0
T000529,20260106,C106,P015,S003,7,130,0.0,910.0,336,574.0
T000530,20260215,C038,P004,S007,9,120,0.2,864.0,405,459.0
T000531,20260327,C089,P013,S002,3,175,0.0,525.0,210,315.0
T000532,20260412,C085,P011,S002,2,135,0.0,270.0,104,166.0
T000533,20260903,C135,P008,S001,6,130,0.0,780.0,300,480.0
T000534,20261105,C051,P002,S006,1,100,0.05,95.0,40,55.0
T000535,20260730,C090,P011,S001,10,135,0.0,1350.0,520,830.0
T000536,20260910,C128,P013,S006,3,175,0.05,498.75,210,288.75
T000537,20261222,C014,P015,S003,8,130,0.2,832.0,384,448.0
T000538,20261030,C099,P007,S002,9,150,0.05,1282.5,540,742.5
T000539,20261031,C030,P011,S005,2,135,0.05,256.5,104,152.5
T000540,20260429,C118,P004,S002,9,120,0.0,1080.0,405,675.0
T000541,20260910,C013,P015,S005,7,130,0.2,728.0,336,392.0
T000542,20260722,C088,P011,S007,7,135,0.1,850.5,364,486.5
T000543,20260214,C087,P011,S002,10,135,0.1,1215.0,520,695.0
T000544,20260606,C126,P005,S001,10,140,0.0,1400.0,550,850.0
T000545,20260226,C108,P008,S007,7,130,0.15,773.5,350,423.5
T000546,20260603,C086,P003,S004,9,110,0.0,990.0,378,612.0
T000547,20260212,C120,P007,S003,10,150,0.0,1500.0,600,900.0
T000548,20260530,C070,P002,S003,3,100,0.2,240.0,120,120.0
T000549,20260815,C138,P011,S004,4,135,0.0,540.0,208,332.0
T000550,20260421,C011,P011,S006,7,135,0.0,945.0,364,581.0
T000551,20260719,C039,P006,S003,6,160,0.0,960.0,390,570.0
T000552,20260425,C101,P015,S003,5,130,0.1,585.0,240,345.0
T000553,20260613,C049,P013,S005,3,175,0.1,472.5,210,262.5
T000554,20260927,C045,P001,S001,2,90,0.0,180.0,70,110.0
T000555,20260821,C065,P013,S005,6,175,0.2,840.0,420,420.0
T000556,20260221,C132,P012,S005,7,145,0.0,1015.0,392,623.0
T000557,20260510,C020,P007,S006,9,150,0.15,1147.5,540,607.5
T000558,20260619,C076,P005,S004,6,140,0.05,798.0,330,468.0
T000559,20261205,C097,P011,S006,9,135,0.2,972.0,468,504.0
T000560,20260131,C127,P008,S006,6,130,0.2,624.0,300,324.0
T000561,20260110,C031,P015,S001,9,130,0.1,1053.0,432,621.0
T000562,20260818,C132,P013,S003,3,175,0.2,420.0,210,210.0
T000563,20261107,C009,P008,S006,6,130,0.1,702.0,300,402.0
T000564,20260312,C070,P015,S001,3,130,0.0,390.0,144,246.0
T000565,20261028,C012,P009,S005,7,125,0.0,875.0,336,539.0
T000566,20261029,C062,P005,S006,5,140,0.15,595.0,275,320.0
T000567,20260114,C105,P009,S004,2,125,0.2,200.0,96,104.0
T000568,20261124,C093,P008,S004,5,130,0.05,617.5,250,367.5
T000569,20260324,C127,P010,S007,1,115,0.15,97.75,44,53.75
T000570,20260627,C133,P004,S002,1,120,0.0,120.0,45,75.0
T000571,20260607,C044,P009,S006,5,125,0.0,625.0,240,385.0
T000572,20261028,C093,P007,S003,3,150,0.05,427.5,180,247.5
T000573,20260608,C083,P004,S004,8,120,0.1,864.0,360,504.0
T000574,20260225,C093,P005,S006,7,140,0.05,931.0,385,546.0
T000575,20260717,C069,P008,S007,2,130,0.0,260.0,100,160.0
T000576,20261115,C105,P009,S004,3,125,0.05,356.25,144,212.25
T000577,20260123,C138,P005,S002,8,140,0.2,896.0,440,456.0
T000578,20261014,C106,P011,S007,2,135,0.05,256.5,104,152.5
T000579,20260720,C102,P012,S003,9,145,0.05,1239.75,504,735.75
T000580,20261119,C116,P005,S001,1,140,0.0,140.0,55,85.0
T000581,20260930,C146,P012,S007,5,145,0.05,688.75,280,408.75
T000582,20261105,C063,P005,S003,2,140,0.15,238.0,110,128.0
T000583,20260219,C106,P010,S007,2,115,0.05,218.5,88,130.5
T000584,20260326,C031,P003,S006,7,110,0.1,693.0,294,399.0
T000585,20260624,C128,P007,S004,6,150,0.05,855.0,360,495.0
T000586,20260406,C037,P014,S006,9,155,0.2,1116.0,558,558.0
T000587,20260924,C074,P011,S004,3,135,0.0,405.0,156,249.0
T000588,20260623,C106,P002,S006,2,100,0.15,170.0,80,90.0
T000589,20260102,C061,P010,S007,10,115,0.1,1035.0,440,595.0
T000590,20260726,C071,P010,S002,3,115,0.0,345.0,132,213.0
T000591,20260424,C062,P014,S006,9,155,0.0,1395.0,558,837.0
T000592,20260525,C098,P012,S001,5,145,0.0,725.0,280,445.0
T000593,20261128,C099,P015,S006,10,130,0.05,1235.0,480,755.0
T000594,20261231,C131,P013,S001,5,175,0.15,743.75,350,393.75
T000595,20260420,C025,P005,S002,6,140,0.2,672.0,330,342.0
T000596,20261019,C093,P002,S007,1,100,0.2,80.0,40,40.0
T000597,20260922,C084,P002,S001,4,100,0.0,400.0,160,240.0
T000598,20260823,C036,P013,S006,8,175,0.05,1330.0,560,770.0
T000599,20260915,C143,P008,S001,10,130,0.0,1300.0,500,800.0
T000600,20260121,C120,P014,S005,2,155,0.1,279.0,124,155.0
T000601,20260425,C088,P011,S003,6,135,0.15,688.5,312,376.5
T000602,20261019,C143,P004,S002,4,120,0.05,456.0,180,276.0
T000603,20261023,C008,P012,S005,4,145,0.0,580.0,224,356.0
T000604,20260115,C069,P009,S007,7,125,0.05,831.25,336,495.25
T000605,20260202,C023,P005,S006,10,140,0.0,1400.0,550,850.0
T000606,20260724,C105,P009,S004,4,125,0.2,400.0,192,208.0
T000607,20260129,C137,P006,S007,6,160,0.2,768.0,390,378.0
T000608,20260509,C123,P011,S001,10,135,0.0,1350.0,520,830.0
T000609,20260809,C117,P011,S004,4,135,0.05,513.0,208,305.0
T000610,20261112,C104,P002,S002,3,100,0.05,285.0,120,165.0
T000611,20260410,C133,P012,S001,1,145,0.1,130.5,56,74.5
T000612,20260412,C051,P012,S007,5,145,0.0,725.0,280,445.0
T000613,20261014,C076,P012,S007,1,145,0.2,116.0,56,60.0
T000614,20261110,C017,P001,S006,6,90,0.0,540.0,210,330.0
T000615,20260802,C138,P014,S001,5,155,0.15,658.75,310,348.75
T000616,20260701,C145,P003,S006,6,110,0.05,627.0,252,375.0
T000617,20260606,C045,P001,S001,6,90,0.1,486.0,210,276.0
T000618,20260116,C117,P012,S007,2,145,0.05,275.5,112,163.5
T000619,20260224,C094,P003,S007,8,110,0.1,792.0,336,456.0
T000620,20260212,C082,P013,S003,8,175,0.0,1400.0,560,840.0
T000621,20260225,C065,P010,S005,9,115,0.1,931.5,396,535.5
T000622,20260418,C006,P005,S003,4,140,0.2,448.0,220,228.0
T000623,20260523,C112,P009,S007,7,125,0.0,875.0,336,539.0
T000624,20260812,C004,P003,S002,2,110,0.0,220.0,84,136.0
T000625,20261027,C008,P007,S005,1,150,0.0,150.0,60,90.0
T000626,20260826,C053,P001,S007,10,90,0.15,765.0,350,415.0
T000627,20260206,C087,P006,S007,10,160,0.15,1360.0,650,710.0
T000628,20260825,C053,P013,S004,1,175,0.0,175.0,70,105.0
T000629,20260415,C027,P007,S003,2,150,0.15,255.0,120,135.0
T000630,20260306,C117,P008,S002,10,130,0.15,1105.0,500,605.0
T000631,20261122,C113,P012,S006,2,145,0.15,246.5,112,134.5
T000632,20260128,C044,P008,S007,7,130,0.2,728.0,350,378.0
T000633,20261211,C062,P012,S007,8,145,0.2,928.0,448,480.0
T000634,20260830,C031,P003,S005,8,110,0.15,748.0,336,412.0
T000635,20260715,C062,P012,S001,4,145,0.0,580.0,224,356.0
T000636,20260720,C058,P013,S005,1,175,0.0,175.0,70,105.0
T000637,20260218,C001,P013,S002,1,175,0.1,157.5,70,87.5
T000638,20260125,C057,P004,S004,1,120,0.15,102.0,45,57.0
T000639,20261123,C106,P015,S005,5,130,0.0,650.0,240,410.0
T000640,20260320,C123,P001,S004,2,90,0.2,144.0,70,74.0
T000641,20260219,C136,P003,S002,3,110,0.15,280.5,126,154.5
T000642,20260920,C131,P002,S003,7,100,0.0,700.0,280,420.0
T000643,20260206,C143,P001,S007,2,90,0.15,153.0,70,83.0
T000644,20261015,C138,P010,S005,2,115,0.2,184.0,88,96.0
T000645,20260128,C075,P009,S006,8,125,0.1,900.0,384,516.0
T000646,20261210,C054,P009,S001,1,125,0.0,125.0,48,77.0
T000647,20260917,C118,P014,S007,4,155,0.0,620.0,248,372.0
T000648,20261229,C054,P012,S006,7,145,0.0,1015.0,392,623.0
T000649,20261110,C134,P009,S001,6,125,0.2,600.0,288,312.0
T000650,20260218,C062,P012,S001,2,145,0.0,290.0,112,178.0
T000651,20260708,C080,P005,S003,5,140,0.0,700.0,275,425.0
T000652,20260910,C086,P010,S005,4,115,0.0,460.0,176,284.0
T000653,20260210,C030,P001,S001,10,90,0.0,900.0,350,550.0
T000654,20260924,C105,P008,S004,10,130,0.15,1105.0,500,605.0
T000655,20261129,C021,P015,S002,1,130,0.0,130.0,48,82.0
T000656,20260116,C035,P011,S006,7,135,0.0,945.0,364,581.0
T000657,20260403,C114,P005,S005,5,140,0.2,560.0,275,285.0
T000658,20260310,C077,P013,S003,6,175,0.0,1050.0,420,630.0
T000659,20260616,C042,P002,S004,8,100,0.0,800.0,320,480.0
T000660,20261201,C122,P015,S006,10,130,0.05,1235.0,480,755.0
T000661,20260521,C004,P004,S007,7,120,0.15,714.0,315,399.0
T000662,20260111,C140,P004,S003,6,120,0.05,684.0,270,414.0
T000663,20260101,C062,P013,S007,6,175,0.0,1050.0,420,630.0
T000664,20260930,C010,P002,S002,6,100,0.1,540.0,240,300.0
T000665,20261118,C017,P006,S003,9,160,0.0,1440.0,585,855.0
T000666,20260823,C136,P004,S002,1,120,0.2,96.0,45,51.0
T000667,20261206,C105,P004,S005,9,120,0.2,864.0,405,459.0
T000668,20261120,C055,P011,S001,4,135,0.05,513.0,208,305.0
T000669,20260107,C111,P005,S006,2,140,0.0,280.0,110,170.0
T000670,20261109,C043,P010,S004,5,115,0.1,517.5,220,297.5
T000671,20260508,C008,P005,S003,2,140,0.2,224.0,110,114.0
T000672,20260418,C037,P005,S006,2,140,0.15,238.0,110,128.0
T000673,20260204,C078,P007,S006,2,150,0.0,300.0,120,180.0
T000674,20260204,C019,P001,S005,6,90,0.0,540.0,210,330.0
T000675,20260314,C127,P002,S005,9,100,0.2,720.0,360,360.0
T000676,20260521,C046,P008,S007,2,130,0.05,247.0,100,147.0
T000677,20260605,C045,P007,S004,8,150,0.2,960.0,480,480.0
T000678,20260218,C118,P015,S007,6,130,0.05,741.0,288,453.0
T000679,20260416,C058,P007,S001,2,150,0.0,300.0,120,180.0
T000680,20260629,C072,P006,S006,10,160,0.0,1600.0,650,950.0
T000681,20260408,C023,P015,S001,3,130,0.2,312.0,144,168.0
T000682,20261205,C068,P005,S005,3,140,0.0,420.0,165,255.0
T000683,20260315,C015,P002,S004,7,100,0.05,665.0,280,385.0
T000684,20261130,C150,P010,S001,4,115,0.0,460.0,176,284.0
T000685,20260203,C069,P001,S003,3,90,0.05,256.5,105,151.5
T000686,20260706,C046,P012,S005,3,145,0.05,413.25,168,245.25
T000687,20260509,C043,P006,S003,9,160,0.2,1152.0,585,567.0
T000688,20260227,C043,P004,S007,5,120,0.1,540.0,225,315.0
T000689,20260116,C050,P011,S002,4,135,0.1,486.0,208,278.0
T000690,20260707,C121,P011,S002,5,135,0.0,675.0,260,415.0
T000691,20260126,C097,P011,S001,6,135,0.0,810.0,312,498.0
T000692,20260525,C113,P008,S001,8,130,0.0,1040.0,400,640.0
T000693,20260226,C126,P009,S004,2,125,0.1,225.0,96,129.0
T000694,20260302,C045,P008,S004,4,130,0.1,468.0,200,268.0
T000695,20260814,C049,P002,S001,2,100,0.05,190.0,80,110.0
T000696,20260704,C062,P008,S004,6,130,0.15,663.0,300,363.0
T000697,20260130,C057,P009,S001,8,125,0.2,800.0,384,416.0
T000698,20260421,C097,P010,S005,2,115,0.0,230.0,88,142.0
T000699,20260810,C062,P001,S005,9,90,0.0,810.0,315,495.0
T000700,20260919,C055,P006,S007,2,160,0.0,320.0,130,190.0
T000701,20260902,C118,P008,S003,3,130,0.0,390.0,150,240.0
T000702,20260820,C026,P006,S006,4,160,0.05,608.0,260,348.0
T000703,20261206,C018,P006,S007,2,160,0.2,256.0,130,126.0
T000704,20260901,C047,P005,S004,9,140,0.0,1260.0,495,765.0
T000705,20261118,C132,P013,S006,1,175,0.2,140.0,70,70.0
T000706,20260829,C009,P012,S006,9,145,0.2,1044.0,504,540.0
T000707,20260430,C036,P008,S007,6,130,0.0,780.0,300,480.0
T000708,20260718,C083,P015,S007,1,130,0.05,123.5,48,75.5
T000709,20261203,C059,P003,S006,1,110,0.15,93.5,42,51.5
T000710,20260823,C116,P002,S006,4,100,0.0,400.0,160,240.0
T000711,20260527,C050,P003,S004,5,110,0.2,440.0,210,230.0
T000712,20260610,C017,P004,S005,7,120,0.0,840.0,315,525.0
T000713,20261214,C093,P001,S002,8,90,0.0,720.0,280,440.0
T000714,20260203,C131,P006,S004,8,160,0.2,1024.0,520,504.0
T000715,20260419,C056,P015,S005,4,130,0.1,468.0,192,276.0
T000716,20260414,C117,P013,S003,5,175,0.0,875.0,350,525.0
T000717,20260614,C046,P007,S001,6,150,0.1,810.0,360,450.0
T000718,20261209,C146,P001,S006,6,90,0.0,540.0,210,330.0
T000719,20260503,C001,P014,S007,3,155,0.15,395.25,186,209.25
T000720,20260513,C122,P008,S005,9,130,0.15,994.5,450,544.5
T000721,20261231,C067,P003,S004,4,110,0.15,374.0,168,206.0
T000722,20260303,C039,P007,S003,3,150,0.15,382.5,180,202.5
T000723,20260311,C015,P006,S005,3,160,0.0,480.0,195,285.0
T000724,20260805,C150,P002,S002,8,100,0.1,720.0,320,400.0
T000725,20260510,C058,P011,S005,3,135,0.2,324.0,156,168.0
T000726,20260518,C025,P007,S006,1,150,0.1,135.0,60,75.0
T000727,20260223,C075,P015,S001,2,130,0.05,247.0,96,151.0
T000728,20260331,C108,P003,S007,2,110,0.15,187.0,84,103.0
T000729,20260712,C132,P005,S007,10,140,0.0,1400.0,550,850.0
T000730,20260817,C136,P008,S002,10,130,0.2,1040.0,500,540.0
T000731,20260709,C050,P009,S005,7,125,0.0,875.0,336,539.0
T000732,20261031,C098,P010,S003,3,115,0.2,276.0,132,144.0
T000733,20260511,C106,P004,S006,6,120,0.15,612.0,270,342.0
T000734,20260512,C019,P014,S006,1,155,0.15,131.75,62,69.75
T000735,20261216,C084,P004,S004,1,120,0.1,108.0,45,63.0
T000736,20260901,C047,P011,S003,8,135,0.05,1026.0,416,610.0
T000737,20260430,C054,P002,S004,9,100,0.1,810.0,360,450.0
T000738,20260725,C060,P015,S002,6,130,0.2,624.0,288,336.0
T000739,20261229,C127,P007,S003,6,150,0.0,900.0,360,540.0
T000740,20260424,C069,P004,S006,2,120,0.0,240.0,90,150.0
T000741,20260919,C104,P015,S002,10,130,0.1,1170.0,480,690.0
T000742,20261127,C150,P008,S001,8,130,0.05,988.0,400,588.0
T000743,20261023,C089,P006,S005,7,160,0.05,1064.0,455,609.0
T000744,20260331,C005,P008,S007,3,130,0.1,351.0,150,201.0
T000745,20260709,C075,P011,S001,9,135,0.2,972.0,468,504.0
T000746,20260415,C051,P004,S006,6,120,0.05,684.0,270,414.0
T000747,20261129,C017,P003,S003,10,110,0.1,990.0,420,570.0
T000748,20261207,C012,P010,S007,4,115,0.0,460.0,176,284.0
T000749,20261101,C144,P007,S005,5,150,0.0,750.0,300,450.0
T000750,20260205,C045,P001,S007,2,90,0.2,144.0,70,74.0
T000751,20260508,C059,P003,S001,3,110,0.05,313.5,126,187.5
T000752,20261231,C005,P004,S007,1,120,0.0,120.0,45,75.0
T000753,20260212,C039,P004,S001,8,120,0.05,912.0,360,552.0
T000754,20260207,C082,P006,S005,5,160,0.1,720.0,325,395.0
T000755,20260903,C086,P005,S007,1,140,0.0,140.0,55,85.0
T000756,20260516,C024,P005,S002,2,140,0.15,238.0,110,128.0
T000757,20260127,C034,P005,S006,6,140,0.05,798.0,330,468.0
T000758,20260914,C049,P003,S004,10,110,0.15,935.0,420,515.0
T000759,20260127,C109,P003,S007,7,110,0.05,731.5,294,437.5
T000760,20260109,C019,P005,S002,8,140,0.0,1120.0,440,680.0
T000761,20260203,C049,P003,S005,8,110,0.1,792.0,336,456.0
T000762,20260429,C121,P002,S005,10,100,0.1,900.0,400,500.0
T000763,20260312,C150,P004,S001,4,120,0.0,480.0,180,300.0
T000764,20261121,C067,P004,S004,9,120,0.1,972.0,405,567.0
T000765,20260925,C015,P006,S005,1,160,0.0,160.0,65,95.0
T000766,20260113,C075,P009,S002,4,125,0.2,400.0,192,208.0
T000767,20261220,C050,P010,S004,3,115,0.0,345.0,132,213.0
T000768,20260609,C067,P015,S006,3,130,0.0,390.0,144,246.0
T000769,20260201,C087,P008,S002,5,130,0.1,585.0,250,335.0
T000770,20260611,C079,P012,S005,1,145,0.15,123.25,56,67.25
T000771,20260611,C013,P005,S001,6,140,0.15,714.0,330,384.0
T000772,20260502,C063,P003,S002,8,110,0.0,880.0,336,544.0
T000773,20260412,C130,P002,S003,9,100,0.05,855.0,360,495.0
T000774,20261218,C136,P008,S006,5,130,0.0,650.0,250,400.0
T000775,20260224,C100,P002,S006,7,100,0.1,630.0,280,350.0
T000776,20260204,C132,P013,S003,4,175,0.1,630.0,280,350.0
T000777,20260612,C108,P008,S007,6,130,0.15,663.0,300,363.0
T000778,20260817,C081,P015,S007,10,130,0.0,1300.0,480,820.0
T000779,20260223,C023,P008,S007,5,130,0.0,650.0,250,400.0
T000780,20260120,C143,P015,S007,3,130,0.0,390.0,144,246.0
T000781,20260827,C009,P010,S006,5,115,0.2,460.0,220,240.0
T000782,20260205,C088,P013,S007,7,175,0.15,1041.25,490,551.25
T000783,20260213,C025,P007,S002,1,150,0.0,150.0,60,90.0
T000784,20260528,C035,P011,S007,9,135,0.0,1215.0,468,747.0
T000785,20261225,C042,P006,S001,9,160,0.15,1224.0,585,639.0
T000786,20260728,C045,P004,S002,7,120,0.1,756.0,315,441.0
T000787,20261229,C032,P006,S003,4,160,0.1,576.0,260,316.0
T000788,20261010,C067,P002,S001,7,100,0.1,630.0,280,350.0
T000789,20260426,C074,P010,S002,8,115,0.1,828.0,352,476.0
T000790,20260414,C034,P013,S006,4,175,0.1,630.0,280,350.0
T000791,20260224,C132,P014,S007,6,155,0.0,930.0,372,558.0
T000792,20260115,C121,P009,S003,3,125,0.15,318.75,144,174.75
T000793,20260614,C088,P003,S003,4,110,0.2,352.0,168,184.0
T000794,20260803,C001,P014,S001,4,155,0.15,527.0,248,279.0
T000795,20260626,C066,P013,S001,10,175,0.0,1750.0,700,1050.0
T000796,20260120,C082,P004,S003,5,120,0.05,570.0,225,345.0
T000797,20260604,C091,P010,S003,7,115,0.1,724.5,308,416.5
T000798,20260526,C004,P004,S001,7,120,0.2,672.0,315,357.0
T000799,20261018,C063,P015,S007,1,130,0.2,104.0,48,56.0
T000800,20260329,C079,P003,S007,5,110,0.15,467.5,210,257.5
T000801,20261202,C112,P007,S003,5,150,0.0,750.0,300,450.0
T000802,20260503,C087,P012,S005,1,145,0.05,137.75,56,81.75
T000803,20260330,C036,P006,S007,9,160,0.2,1152.0,585,567.0
T000804,20260125,C141,P014,S007,8,155,0.05,1178.0,496,682.0
T000805,20260829,C055,P008,S007,6,130,0.05,741.0,300,441.0
T000806,20260508,C031,P002,S001,6,100,0.0,600.0,240,360.0
T000807,20260114,C019,P006,S002,10,160,0.0,1600.0,650,950.0
T000808,20260912,C051,P001,S006,8,90,0.2,576.0,280,296.0
T000809,20260725,C123,P013,S003,7,175,0.05,1163.75,490,673.75
T000810,20261123,C148,P015,S006,8,130,0.05,988.0,384,604.0
T000811,20260626,C080,P014,S006,6,155,0.15,790.5,372,418.5
T000812,20260224,C133,P010,S005,2,115,0.1,207.0,88,119.0
T000813,20260817,C059,P001,S004,4,90,0.0,360.0,140,220.0
T000814,20260705,C032,P006,S005,10,160,0.0,1600.0,650,950.0
T000815,20260825,C111,P010,S005,1,115,0.2,92.0,44,48.0
T000816,20260309,C048,P002,S004,9,100,0.05,855.0,360,495.0
T000817,20260921,C092,P012,S007,2,145,0.0,290.0,112,178.0
T000818,20261106,C057,P001,S007,6,90,0.2,432.0,210,222.0
T000819,20260810,C020,P007,S002,7,150,0.0,1050.0,420,630.0
T000820,20260617,C132,P006,S003,3,160,0.1,432.0,195,237.0
T000821,20261007,C003,P009,S007,3,125,0.15,318.75,144,174.75
T000822,20260713,C043,P009,S007,3,125,0.0,375.0,144,231.0
T000823,20261129,C029,P015,S005,10,130,0.05,1235.0,480,755.0
T000824,20260128,C130,P004,S001,1,120,0.15,102.0,45,57.0
T000825,20261231,C119,P009,S002,3,125,0.15,318.75,144,174.75
T000826,20260420,C113,P003,S002,1,110,0.1,99.0,42,57.0
T000827,20260311,C067,P012,S005,10,145,0.05,1377.5,560,817.5
T000828,20260430,C132,P004,S004,8,120,0.0,960.0,360,600.0
T000829,20260217,C088,P001,S007,3,90,0.2,216.0,105,111.0
T000830,20260502,C060,P005,S005,9,140,0.0,1260.0,495,765.0
T000831,20260429,C052,P003,S005,10,110,0.2,880.0,420,460.0
T000832,20260226,C056,P008,S006,5,130,0.1,585.0,250,335.0
T000833,20260919,C001,P008,S001,8,130,0.0,1040.0,400,640.0
T000834,20260205,C107,P009,S007,3,125,0.05,356.25,144,212.25
T000835,20260824,C056,P011,S002,9,135,0.05,1154.25,468,686.25
T000836,20260729,C063,P012,S007,4,145,0.0,580.0,224,356.0
T000837,20260324,C092,P007,S007,10,150,0.1,1350.0,600,750.0
T000838,20260605,C056,P003,S003,8,110,0.0,880.0,336,544.0
T000839,20260314,C081,P010,S002,2,115,0.15,195.5,88,107.5
T000840,20260601,C123,P007,S002,8,150,0.15,1020.0,480,540.0
T000841,20260906,C121,P005,S004,9,140,0.0,1260.0,495,765.0
T000842,20260830,C038,P009,S005,9,125,0.0,1125.0,432,693.0
T000843,20260430,C099,P006,S001,2,160,0.1,288.0,130,158.0
T000844,20260221,C109,P012,S003,6,145,0.05,826.5,336,490.5
T000845,20261227,C101,P014,S006,3,155,0.1,418.5,186,232.5
T000846,20261021,C011,P001,S005,8,90,0.05,684.0,280,404.0
T000847,20260918,C103,P012,S006,7,145,0.15,862.75,392,470.75
T000848,20260602,C002,P009,S002,3,125,0.2,300.0,144,156.0
T000849,20260707,C103,P014,S006,6,155,0.15,790.5,372,418.5
T000850,20261020,C088,P004,S006,3,120,0.15,306.0,135,171.0
T000851,20261010,C047,P011,S004,5,135,0.0,675.0,260,415.0
T000852,20260311,C083,P001,S007,8,90,0.1,648.0,280,368.0
T000853,20260911,C134,P006,S003,1,160,0.05,152.0,65,87.0
T000854,20261009,C084,P013,S005,8,175,0.0,1400.0,560,840.0
T000855,20260620,C145,P007,S003,5,150,0.0,750.0,300,450.0
T000856,20260709,C018,P007,S007,6,150,0.2,720.0,360,360.0
T000857,20261003,C086,P005,S001,5,140,0.1,630.0,275,355.0
T000858,20260324,C006,P007,S006,2,150,0.0,300.0,120,180.0
T000859,20260418,C036,P012,S001,3,145,0.05,413.25,168,245.25
T000860,20260427,C112,P001,S002,5,90,0.0,450.0,175,275.0
T000861,20260224,C142,P009,S002,2,125,0.0,250.0,96,154.0
T000862,20260811,C011,P004,S007,8,120,0.2,768.0,360,408.0
T000863,20260717,C046,P002,S004,10,100,0.0,1000.0,400,600.0
T000864,20260604,C015,P002,S001,3,100,0.0,300.0,120,180.0
T000865,20260120,C044,P006,S001,2,160,0.1,288.0,130,158.0
T000866,20260324,C051,P003,S001,10,110,0.05,1045.0,420,625.0
T000867,20261211,C031,P006,S002,7,160,0.05,1064.0,455,609.0
T000868,20260720,C115,P005,S004,4,140,0.1,504.0,220,284.0
T000869,20260113,C045,P012,S006,3,145,0.0,435.0,168,267.0
T000870,20260319,C016,P006,S007,8,160,0.15,1088.0,520,568.0
T000871,20261115,C009,P015,S006,8,130,0.15,884.0,384,500.0
T000872,20261022,C113,P008,S001,1,130,0.15,110.5,50,60.5
T000873,20261121,C102,P011,S003,9,135,0.0,1215.0,468,747.0
T000874,20260125,C133,P009,S007,3,125,0.1,337.5,144,193.5
T000875,20260331,C041,P007,S006,1,150,0.15,127.5,60,67.5
T000876,20261226,C093,P001,S005,7,90,0.2,504.0,245,259.0
T000877,20261209,C098,P010,S002,7,115,0.05,764.75,308,456.75
T000878,20260903,C042,P015,S005,6,130,0.1,702.0,288,414.0
T000879,20260408,C055,P015,S003,10,130,0.0,1300.0,480,820.0
T000880,20261024,C082,P006,S006,9,160,0.05,1368.0,585,783.0
T000881,20261109,C147,P003,S003,9,110,0.1,891.0,378,513.0
T000882,20260521,C022,P015,S007,8,130,0.0,1040.0,384,656.0
T000883,20260318,C022,P013,S004,10,175,0.1,1575.0,700,875.0
T000884,20260531,C110,P009,S005,1,125,0.0,125.0,48,77.0
T000885,20261029,C027,P003,S007,7,110,0.05,731.5,294,437.5
T000886,20260228,C112,P014,S005,8,155,0.2,992.0,496,496.0
T000887,20260512,C115,P012,S001,6,145,0.0,870.0,336,534.0
T000888,20260119,C077,P014,S004,4,155,0.0,620.0,248,372.0
T000889,20261202,C095,P005,S003,4,140,0.15,476.0,220,256.0
T000890,20260914,C147,P007,S005,5,150,0.1,675.0,300,375.0
T000891,20261126,C103,P006,S007,8,160,0.0,1280.0,520,760.0
T000892,20260124,C038,P014,S006,5,155,0.0,775.0,310,465.0
T000893,20261105,C034,P009,S007,6,125,0.2,600.0,288,312.0
T000894,20260712,C067,P004,S007,9,120,0.0,1080.0,405,675.0
T000895,20260816,C023,P001,S004,2,90,0.0,180.0,70,110.0
T000896,20260421,C121,P010,S004,2,115,0.2,184.0,88,96.0
T000897,20260529,C048,P014,S003,3,155,0.2,372.0,186,186.0
T000898,20260303,C129,P003,S006,5,110,0.05,522.5,210,312.5
T000899,20260326,C058,P015,S002,8,130,0.0,1040.0,384,656.0
T000900,20260509,C016,P015,S003,4,130,0.0,520.0,192,328.0
T000901,20261110,C017,P013,S003,7,175,0.15,1041.25,490,551.25
T000902,20261116,C055,P008,S007,2,130,0.1,234.0,100,134.0
T000903,20260829,C016,P006,S007,7,160,0.0,1120.0,455,665.0
T000904,20261201,C136,P008,S004,4,130,0.05,494.0,200,294.0
T000905,20260324,C031,P011,S005,9,135,0.05,1154.25,468,686.25
T000906,20260727,C036,P015,S002,8,130,0.1,936.0,384,552.0
T000907,20260910,C095,P010,S003,2,115,0.15,195.5,88,107.5
T000908,20260912,C085,P010,S007,3,115,0.05,327.75,132,195.75
T000909,20260218,C029,P007,S003,3,150,0.1,405.0,180,225.0
T000910,20261026,C099,P006,S003,10,160,0.15,1360.0,650,710.0
T000911,20260402,C008,P013,S003,6,175,0.0,1050.0,420,630.0
T000912,20260823,C117,P005,S001,6,140,0.15,714.0,330,384.0
T000913,20261217,C124,P006,S006,4,160,0.15,544.0,260,284.0
T000914,20261207,C093,P003,S006,4,110,0.15,374.0,168,206.0
T000915,20260408,C063,P005,S003,10,140,0.0,1400.0,550,850.0
T000916,20260804,C142,P004,S001,2,120,0.0,240.0,90,150.0
T000917,20260921,C031,P011,S005,4,135,0.2,432.0,208,224.0
T000918,20260226,C026,P005,S006,4,140,0.2,448.0,220,228.0
T000919,20261025,C001,P011,S006,5,135,0.0,675.0,260,415.0
T000920,20260807,C081,P005,S001,10,140,0.2,1120.0,550,570.0
T000921,20260105,C090,P007,S005,10,150,0.15,1275.0,600,675.0
T000922,20260403,C052,P010,S001,3,115,0.0,345.0,132,213.0
T000923,20260222,C032,P015,S002,5,130,0.15,552.5,240,312.5
T000924,20260921,C099,P011,S003,7,135,0.2,756.0,364,392.0
T000925,20260114,C109,P010,S001,2,115,0.2,184.0,88,96.0
T000926,20260519,C110,P003,S005,6,110,0.2,528.0,252,276.0
T000927,20260112,C110,P001,S001,10,90,0.15,765.0,350,415.0
T000928,20261201,C096,P003,S004,6,110,0.15,561.0,252,309.0
T000929,20260310,C095,P015,S003,5,130,0.15,552.5,240,312.5
T000930,20260314,C039,P003,S002,3,110,0.0,330.0,126,204.0
T000931,20261029,C032,P013,S007,3,175,0.05,498.75,210,288.75
T000932,20260915,C025,P010,S005,9,115,0.1,931.5,396,535.5
T000933,20260731,C004,P009,S004,1,125,0.0,125.0,48,77.0
T000934,20260805,C002,P004,S002,4,120,0.05,456.0,180,276.0
T000935,20260504,C123,P002,S007,10,100,0.1,900.0,400,500.0
T000936,20260808,C011,P008,S003,4,130,0.2,416.0,200,216.0
T000937,20260126,C062,P009,S004,1,125,0.15,106.25,48,58.25
T000938,20260403,C067,P002,S002,2,100,0.05,190.0,80,110.0
T000939,20260215,C021,P011,S003,7,135,0.05,897.75,364,533.75
T000940,20260207,C115,P013,S005,4,175,0.2,560.0,280,280.0
T000941,20260321,C111,P005,S002,6,140,0.0,840.0,330,510.0
T000942,20261228,C043,P007,S005,10,150,0.0,1500.0,600,900.0
T000943,20260912,C041,P014,S001,1,155,0.05,147.25,62,85.25
T000944,20260917,C013,P006,S001,2,160,0.15,272.0,130,142.0
T000945,20260408,C044,P007,S005,4,150,0.2,480.0,240,240.0
T000946,20260418,C117,P005,S004,2,140,0.0,280.0,110,170.0
T000947,20260828,C058,P012,S001,7,145,0.0,1015.0,392,623.0
T000948,20260412,C138,P002,S004,5,100,0.05,475.0,200,275.0
T000949,20260621,C085,P005,S002,4,140,0.0,560.0,220,340.0
T000950,20260725,C111,P012,S004,2,145,0.0,290.0,112,178.0
T000951,20260213,C140,P001,S001,4,90,0.05,342.0,140,202.0
T000952,20261118,C129,P007,S001,8,150,0.05,1140.0,480,660.0
T000953,20260410,C127,P011,S001,10,135,0.1,1215.0,520,695.0
T000954,20260530,C122,P015,S001,3,130,0.0,390.0,144,246.0
T000955,20260204,C033,P007,S004,1,150,0.2,120.0,60,60.0
T000956,20260405,C012,P012,S005,2,145,0.0,290.0,112,178.0
T000957,20260614,C057,P001,S002,10,90,0.2,720.0,350,370.0
T000958,20260518,C094,P003,S003,7,110,0.2,616.0,294,322.0
T000959,20260522,C113,P008,S002,3,130,0.0,390.0,150,240.0
T000960,20260309,C111,P009,S001,4,125,0.2,400.0,192,208.0
T000961,20260321,C067,P014,S006,2,155,0.0,310.0,124,186.0
T000962,20260714,C057,P011,S001,1,135,0.0,135.0,52,83.0
T000963,20260122,C022,P006,S007,5,160,0.15,680.0,325,355.0
T000964,20260612,C144,P015,S007,10,130,0.1,1170.0,480,690.0
T000965,20261126,C145,P014,S007,9,155,0.0,1395.0,558,837.0
T000966,20260609,C124,P004,S005,6,120,0.0,720.0,270,450.0
T000967,20260711,C144,P009,S003,10,125,0.0,1250.0,480,770.0
T000968,20261114,C129,P011,S003,3,135,0.15,344.25,156,188.25
T000969,20260112,C048,P007,S004,1,150,0.15,127.5,60,67.5
T000970,20260531,C115,P002,S003,6,100,0.15,510.0,240,270.0
T000971,20260901,C131,P012,S002,9,145,0.1,1174.5,504,670.5
T000972,20261006,C103,P005,S003,1,140,0.05,133.0,55,78.0
T000973,20260905,C055,P012,S003,8,145,0.05,1102.0,448,654.0
T000974,20261230,C093,P008,S003,2,130,0.05,247.0,100,147.0
T000975,20261201,C060,P014,S002,7,155,0.2,868.0,434,434.0
T000976,20261213,C094,P011,S003,1,135,0.05,128.25,52,76.25
T000977,20261008,C093,P006,S001,7,160,0.0,1120.0,455,665.0
T000978,20260812,C079,P009,S005,4,125,0.05,475.0,192,283.0
T000979,20260622,C048,P002,S004,8,100,0.0,800.0,320,480.0
T000980,20260709,C125,P005,S002,1,140,0.2,112.0,55,57.0
T000981,20260309,C108,P014,S003,8,155,0.05,1178.0,496,682.0
T000982,20260804,C040,P006,S002,3,160,0.2,384.0,195,189.0
T000983,20260322,C016,P005,S003,4,140,0.05,532.0,220,312.0
T000984,20260119,C014,P003,S007,7,110,0.1,693.0,294,399.0
T000985,20260409,C096,P013,S002,9,175,0.0,1575.0,630,945.0
T000986,20260227,C131,P008,S003,7,130,0.15,773.5,350,423.5
T000987,20260511,C100,P007,S001,3,150,0.1,405.0,180,225.0
T000988,20260106,C030,P006,S006,6,160,0.05,912.0,390,522.0
T000989,20260306,C049,P001,S006,4,90,0.0,360.0,140,220.0
T000990,20261024,C060,P010,S006,5,115,0.0,575.0,220,355.0
T000991,20260413,C062,P014,S006,4,155,0.1,558.0,248,310.0
T000992,20261028,C083,P010,S007,2,115,0.0,230.0,88,142.0
T000993,20261020,C024,P009,S003,9,125,0.1,1012.5,432,580.5
T000994,20260304,C113,P004,S002,5,120,0.1,540.0,225,315.0
T000995,20260705,C059,P015,S001,2,130,0.05,247.0,96,151.0
T000996,20260724,C109,P011,S002,4,135,0.05,513.0,208,305.0
T000997,20261028,C010,P007,S002,9,150,0.15,1147.5,540,607.5
T000998,20260605,C123,P008,S003,8,130,0.0,1040.0,400,640.0
T000999,20260128,C119,P007,S006,4,150,0.15,510.0,240,270.0
T001000,20261116,C121,P013,S002,9,175,0.1,1417.5,630,787.5
T001001,20260323,C067,P002,S007,8,100,0.0,800.0,320,480.0
T001002,20260609,C055,P014,S004,1,155,0.0,155.0,62,93.0
T001003,20260217,C095,P003,S001,1,110,0.1,99.0,42,57.0
T001004,20260730,C075,P008,S005,6,130,0.15,663.0,300,363.0
T001005,20260708,C026,P003,S006,9,110,0.15,841.5,378,463.5
T001006,20260910,C075,P006,S001,9,160,0.0,1440.0,585,855.0
T001007,20260423,C086,P006,S004,10,160,0.15,1360.0,650,710.0
T001008,20261014,C073,P005,S005,2,140,0.15,238.0,110,128.0
T001009,20260709,C094,P002,S007,9,100,0.2,720.0,360,360.0
T001010,20260617,C030,P006,S002,6,160,0.0,960.0,390,570.0
T001011,20260802,C093,P015,S001,4,130,0.1,468.0,192,276.0
T001012,20260102,C051,P011,S002,9,135,0.1,1093.5,468,625.5
T001013,20260704,C060,P005,S004,3,140,0.2,336.0,165,171.0
T001014,20260823,C096,P014,S002,1,155,0.0,155.0,62,93.0
T001015,20260712,C083,P015,S002,7,130,0.2,728.0,336,392.0
T001016,20260122,C121,P009,S004,4,125,0.15,425.0,192,233.0
T001017,20260330,C045,P011,S001,3,135,0.05,384.75,156,228.75
T001018,20261127,C044,P003,S005,9,110,0.05,940.5,378,562.5
T001019,20260529,C035,P009,S005,8,125,0.2,800.0,384,416.0
T001020,20261112,C071,P003,S001,5,110,0.05,522.5,210,312.5
T001021,20261214,C147,P009,S002,4,125,0.2,400.0,192,208.0
T001022,20260815,C082,P014,S006,10,155,0.0,1550.0,620,930.0
T001023,20260706,C141,P008,S004,3,130,0.0,390.0,150,240.0
T001024,20261201,C009,P002,S001,10,100,0.2,800.0,400,400.0
T001025,20260920,C069,P003,S006,2,110,0.0,220.0,84,136.0
T001026,20260924,C059,P001,S001,8,90,0.0,720.0,280,440.0
T001027,20261219,C062,P009,S004,3,125,0.0,375.0,144,231.0
T001028,20260610,C007,P006,S006,3,160,0.05,456.0,195,261.0
T001029,20260710,C019,P015,S001,1,130,0.15,110.5,48,62.5
T001030,20260303,C075,P003,S001,5,110,0.05,522.5,210,312.5
T001031,20260214,C113,P004,S007,10,120,0.05,1140.0,450,690.0
T001032,20261011,C016,P013,S001,5,175,0.0,875.0,350,525.0
T001033,20260607,C142,P015,S001,8,130,0.15,884.0,384,500.0
T001034,20261104,C037,P015,S007,7,130,0.2,728.0,336,392.0
T001035,20261005,C117,P007,S004,4,150,0.0,600.0,240,360.0
T001036,20260524,C131,P012,S003,4,145,0.0,580.0,224,356.0
T001037,20261222,C012,P007,S003,4,150,0.0,600.0,240,360.0
T001038,20260422,C095,P013,S004,8,175,0.15,1190.0,560,630.0
T001039,20260628,C007,P008,S005,10,130,0.2,1040.0,500,540.0
T001040,20261229,C054,P007,S003,3,150,0.05,427.5,180,247.5
T001041,20260912,C104,P015,S006,3,130,0.15,331.5,144,187.5
T001042,20260320,C048,P015,S004,8,130,0.15,884.0,384,500.0
T001043,20260418,C064,P004,S007,6,120,0.15,612.0,270,342.0
T001044,20260218,C090,P005,S003,2,140,0.1,252.0,110,142.0
T001045,20260525,C149,P010,S004,4,115,0.05,437.0,176,261.0
T001046,20260812,C078,P001,S007,5,90,0.0,450.0,175,275.0
T001047,20261010,C145,P010,S005,3,115,0.2,276.0,132,144.0
T001048,20260329,C025,P011,S003,7,135,0.1,850.5,364,486.5
T001049,20260812,C112,P011,S007,4,135,0.0,540.0,208,332.0
T001050,20260321,C131,P003,S004,3,110,0.05,313.5,126,187.5
T001051,20260424,C112,P014,S006,7,155,0.05,1030.75,434,596.75
T001052,20260318,C148,P003,S001,4,110,0.0,440.0,168,272.0
T001053,20260901,C050,P009,S005,8,125,0.2,800.0,384,416.0
T001054,20260915,C026,P014,S004,1,155,0.0,155.0,62,93.0
T001055,20260816,C146,P015,S001,2,130,0.15,221.0,96,125.0
T001056,20260811,C079,P014,S002,10,155,0.0,1550.0,620,930.0
T001057,20261021,C089,P011,S002,6,135,0.0,810.0,312,498.0
T001058,20260903,C041,P002,S007,5,100,0.0,500.0,200,300.0
T001059,20260510,C026,P013,S005,1,175,0.15,148.75,70,78.75
T001060,20260126,C053,P004,S002,2,120,0.05,228.0,90,138.0
T001061,20260510,C068,P002,S007,8,100,0.0,800.0,320,480.0
T001062,20260509,C119,P005,S001,4,140,0.05,532.0,220,312.0
T001063,20260505,C106,P015,S007,2,130,0.0,260.0,96,164.0
T001064,20260105,C028,P006,S001,8,160,0.2,1024.0,520,504.0
T001065,20260909,C058,P001,S007,4,90,0.05,342.0,140,202.0
T001066,20260119,C100,P013,S003,7,175,0.2,980.0,490,490.0
T001067,20261001,C080,P004,S004,7,120,0.0,840.0,315,525.0
T001068,20261113,C113,P009,S007,7,125,0.15,743.75,336,407.75
T001069,20260929,C122,P013,S007,5,175,0.0,875.0,350,525.0
T001070,20260728,C055,P007,S007,1,150,0.15,127.5,60,67.5
T001071,20260421,C063,P010,S004,9,115,0.15,879.75,396,483.75
T001072,20260302,C095,P011,S001,7,135,0.0,945.0,364,581.0
T001073,20260107,C125,P011,S003,3,135,0.0,405.0,156,249.0
T001074,20260829,C077,P003,S007,7,110,0.2,616.0,294,322.0
T001075,20261122,C053,P015,S006,3,130,0.2,312.0,144,168.0
T001076,20260721,C076,P001,S006,1,90,0.1,81.0,35,46.0
T001077,20260815,C134,P006,S006,10,160,0.0,1600.0,650,950.0
T001078,20260622,C013,P003,S001,2,110,0.05,209.0,84,125.0
T001079,20260123,C079,P005,S007,9,140,0.2,1008.0,495,513.0
T001080,20260325,C018,P002,S001,5,100,0.0,500.0,200,300.0
T001081,20260708,C102,P003,S006,9,110,0.2,792.0,378,414.0
T001082,20260801,C134,P002,S001,8,100,0.05,760.0,320,440.0
T001083,20260907,C028,P007,S004,7,150,0.0,1050.0,420,630.0
T001084,20260714,C123,P006,S002,7,160,0.1,1008.0,455,553.0
T001085,20260923,C072,P009,S007,2,125,0.15,212.5,96,116.5
T001086,20260122,C068,P008,S006,4,130,0.0,520.0,200,320.0
T001087,20260814,C071,P013,S004,6,175,0.0,1050.0,420,630.0
T001088,20261105,C109,P003,S005,3,110,0.05,313.5,126,187.5
T001089,20260502,C005,P009,S001,7,125,0.0,875.0,336,539.0
T001090,20260118,C078,P008,S005,10,130,0.1,1170.0,500,670.0
T001091,20261230,C027,P002,S007,2,100,0.1,180.0,80,100.0
T001092,20260604,C005,P012,S005,7,145,0.05,964.25,392,572.25
T001093,20260306,C023,P008,S007,1,130,0.0,130.0,50,80.0
T001094,20260319,C021,P004,S005,2,120,0.15,204.0,90,114.0
T001095,20260410,C019,P009,S005,3,125,0.05,356.25,144,212.25
T001096,20260802,C062,P005,S004,6,140,0.0,840.0,330,510.0
T001097,20261016,C140,P002,S006,7,100,0.05,665.0,280,385.0
T001098,20261102,C029,P014,S001,2,155,0.1,279.0,124,155.0
T001099,20260202,C056,P012,S005,10,145,0.2,1160.0,560,600.0
T001100,20260523,C075,P008,S006,3,130,0.15,331.5,150,181.5
T001101,20260812,C117,P005,S001,10,140,0.05,1330.0,550,780.0
T001102,20260603,C131,P005,S005,2,140,0.0,280.0,110,170.0
T001103,20260922,C059,P006,S004,6,160,0.0,960.0,390,570.0
T001104,20260612,C129,P014,S005,5,155,0.2,620.0,310,310.0
T001105,20260607,C106,P004,S003,9,120,0.05,1026.0,405,621.0
T001106,20261101,C062,P015,S005,7,130,0.1,819.0,336,483.0
T001107,20260512,C053,P014,S007,3,155,0.15,395.25,186,209.25
T001108,20261128,C143,P013,S002,1,175,0.0,175.0,70,105.0
T001109,20260512,C045,P012,S007,6,145,0.05,826.5,336,490.5
T001110,20261220,C050,P015,S005,7,130,0.1,819.0,336,483.0
T001111,20260331,C025,P011,S006,5,135,0.2,540.0,260,280.0
T001112,20260223,C136,P008,S002,7,130,0.0,910.0,350,560.0
T001113,20260408,C109,P007,S004,4,150,0.05,570.0,240,330.0
T001114,20261208,C074,P009,S006,7,125,0.2,700.0,336,364.0
T001115,20261019,C102,P009,S004,4,125,0.1,450.0,192,258.0
T001116,20260314,C087,P013,S005,9,175,0.1,1417.5,630,787.5
T001117,20260119,C062,P002,S007,2,100,0.2,160.0,80,80.0
T001118,20261013,C093,P014,S002,5,155,0.1,697.5,310,387.5
T001119,20260901,C095,P005,S003,3,140,0.15,357.0,165,192.0
T001120,20261209,C023,P003,S002,3,110,0.15,280.5,126,154.5
T001121,20260929,C087,P008,S002,2,130,0.15,221.0,100,121.0
T001122,20260321,C142,P012,S002,4,145,0.05,551.0,224,327.0
T001123,20260528,C069,P002,S003,4,100,0.1,360.0,160,200.0
T001124,20260107,C098,P004,S004,8,120,0.0,960.0,360,600.0
T001125,20260814,C097,P011,S007,1,135,0.0,135.0,52,83.0
T001126,20260427,C062,P005,S004,1,140,0.15,119.0,55,64.0
T001127,20260220,C108,P012,S004,10,145,0.2,1160.0,560,600.0
T001128,20260916,C115,P004,S001,5,120,0.0,600.0,225,375.0
T001129,20260130,C009,P010,S003,2,115,0.15,195.5,88,107.5
T001130,20260111,C125,P012,S006,9,145,0.0,1305.0,504,801.0
T001131,20260724,C139,P015,S002,8,130,0.05,988.0,384,604.0
T001132,20260627,C049,P003,S004,2,110,0.2,176.0,84,92.0
T001133,20261021,C086,P013,S007,10,175,0.1,1575.0,700,875.0
T001134,20260410,C146,P005,S007,6,140,0.0,840.0,330,510.0
T001135,20260914,C027,P009,S003,1,125,0.05,118.75,48,70.75
T001136,20260511,C067,P012,S006,5,145,0.1,652.5,280,372.5
T001137,20260926,C119,P008,S004,8,130,0.15,884.0,400,484.0
T001138,20260612,C045,P012,S001,2,145,0.0,290.0,112,178.0
T001139,20261217,C033,P015,S006,4,130,0.0,520.0,192,328.0
T001140,20260418,C086,P011,S004,4,135,0.05,513.0,208,305.0
T001141,20260817,C012,P013,S004,3,175,0.0,525.0,210,315.0
T001142,20260331,C018,P002,S004,8,100,0.0,800.0,320,480.0
T001143,20260110,C106,P012,S004,9,145,0.0,1305.0,504,801.0
T001144,20260731,C036,P014,S002,1,155,0.15,131.75,62,69.75
T001145,20260730,C079,P006,S002,8,160,0.1,1152.0,520,632.0
T001146,20260722,C130,P011,S001,1,135,0.05,128.25,52,76.25
T001147,20260120,C111,P013,S005,4,175,0.0,700.0,280,420.0
T001148,20260621,C025,P001,S001,1,90,0.1,81.0,35,46.0
T001149,20260908,C096,P008,S006,2,130,0.15,221.0,100,121.0
T001150,20260713,C004,P006,S005,7,160,0.2,896.0,455,441.0
T001151,20260514,C017,P010,S004,8,115,0.15,782.0,352,430.0
T001152,20260927,C126,P002,S004,2,100,0.1,180.0,80,100.0
T001153,20261204,C111,P008,S001,9,130,0.15,994.5,450,544.5
T001154,20260113,C121,P012,S001,5,145,0.0,725.0,280,445.0
T001155,20261107,C071,P011,S004,1,135,0.1,121.5,52,69.5
T001156,20260507,C120,P010,S003,7,115,0.0,805.0,308,497.0
T001157,20260601,C014,P013,S006,6,175,0.05,997.5,420,577.5
T001158,20261006,C146,P015,S002,7,130,0.15,773.5,336,437.5
T001159,20261204,C118,P007,S001,9,150,0.2,1080.0,540,540.0
T001160,20261025,C123,P010,S002,5,115,0.2,460.0,220,240.0
T001161,20261001,C075,P012,S001,1,145,0.0,145.0,56,89.0
T001162,20260614,C016,P015,S006,4,130,0.0,520.0,192,328.0
T001163,20261128,C068,P013,S002,4,175,0.2,560.0,280,280.0
T001164,20260715,C136,P004,S007,10,120,0.05,1140.0,450,690.0
T001165,20261111,C026,P003,S005,4,110,0.1,396.0,168,228.0
T001166,20260922,C040,P006,S004,8,160,0.0,1280.0,520,760.0
T001167,20261013,C095,P005,S007,1,140,0.15,119.0,55,64.0
T001168,20260519,C014,P008,S007,2,130,0.0,260.0,100,160.0
T001169,20260101,C141,P014,S004,2,155,0.05,294.5,124,170.5
T001170,20260618,C098,P003,S001,3,110,0.05,313.5,126,187.5
T001171,20261005,C149,P001,S006,2,90,0.1,162.0,70,92.0
T001172,20260917,C125,P003,S007,2,110,0.0,220.0,84,136.0
T001173,20260320,C059,P005,S007,1,140,0.0,140.0,55,85.0
T001174,20260513,C047,P015,S001,8,130,0.2,832.0,384,448.0
T001175,20260925,C084,P013,S007,3,175,0.0,525.0,210,315.0
T001176,20260610,C101,P011,S006,3,135,0.2,324.0,156,168.0
T001177,20261018,C065,P005,S004,10,140,0.15,1190.0,550,640.0
T001178,20260404,C096,P010,S002,3,115,0.0,345.0,132,213.0
T001179,20261222,C032,P001,S006,4,90,0.05,342.0,140,202.0
T001180,20260104,C026,P006,S003,5,160,0.2,640.0,325,315.0
T001181,20260827,C139,P014,S007,3,155,0.1,418.5,186,232.5
T001182,20260224,C103,P006,S001,3,160,0.0,480.0,195,285.0
T001183,20260417,C002,P015,S001,2,130,0.2,208.0,96,112.0
T001184,20260725,C064,P003,S001,8,110,0.2,704.0,336,368.0
T001185,20260127,C116,P007,S007,2,150,0.0,300.0,120,180.0
T001186,20260723,C062,P004,S003,10,120,0.1,1080.0,450,630.0
T001187,20260627,C137,P008,S007,6,130,0.2,624.0,300,324.0
T001188,20260307,C075,P002,S004,7,100,0.05,665.0,280,385.0
T001189,20260530,C055,P002,S006,7,100,0.05,665.0,280,385.0
T001190,20260816,C124,P004,S003,5,120,0.1,540.0,225,315.0
T001191,20261115,C116,P002,S001,2,100,0.15,170.0,80,90.0
T001192,20260816,C066,P007,S007,8,150,0.05,1140.0,480,660.0
T001193,20260722,C129,P004,S001,3,120,0.15,306.0,135,171.0
T001194,20260810,C124,P001,S002,7,90,0.05,598.5,245,353.5
T001195,20260712,C143,P002,S006,2,100,0.1,180.0,80,100.0
T001196,20261204,C106,P005,S002,9,140,0.0,1260.0,495,765.0
T001197,20260528,C120,P008,S003,5,130,0.15,552.5,250,302.5
T001198,20260902,C036,P010,S005,3,115,0.05,327.75,132,195.75
T001199,20261124,C005,P014,S005,7,155,0.2,868.0,434,434.0
T001200,20260113,C138,P014,S003,8,155,0.05,1178.0,496,682.0
T001201,20260420,C006,P013,S004,8,175,0.1,1260.0,560,700.0
T001202,20260411,C024,P013,S006,2,175,0.2,280.0,140,140.0
T001203,20260424,C052,P007,S003,7,150,0.05,997.5,420,577.5
T001204,20261023,C117,P015,S006,7,130,0.05,864.5,336,528.5
T001205,20260719,C018,P004,S001,5,120,0.15,510.0,225,285.0
T001206,20260228,C115,P012,S005,7,145,0.2,812.0,392,420.0
T001207,20260629,C044,P007,S005,4,150,0.2,480.0,240,240.0
T001208,20261030,C110,P009,S005,6,125,0.05,712.5,288,424.5
T001209,20260717,C115,P008,S003,1,130,0.1,117.0,50,67.0
T001210,20261016,C014,P004,S005,3,120,0.0,360.0,135,225.0
T001211,20260627,C021,P013,S003,4,175,0.0,700.0,280,420.0
T001212,20260913,C114,P005,S007,9,140,0.1,1134.0,495,639.0
T001213,20260930,C017,P001,S001,3,90,0.2,216.0,105,111.0
T001214,20260417,C098,P002,S006,3,100,0.15,255.0,120,135.0
T001215,20260604,C037,P002,S003,9,100,0.05,855.0,360,495.0
T001216,20261202,C032,P004,S004,1,120,0.0,120.0,45,75.0
T001217,20260907,C104,P001,S003,5,90,0.05,427.5,175,252.5
T001218,20260817,C048,P005,S002,8,140,0.0,1120.0,440,680.0
T001219,20260323,C117,P013,S007,6,175,0.0,1050.0,420,630.0
T001220,20261102,C101,P011,S006,9,135,0.0,1215.0,468,747.0
T001221,20260408,C071,P006,S003,9,160,0.0,1440.0,585,855.0
T001222,20261124,C143,P002,S007,6,100,0.1,540.0,240,300.0
T001223,20260429,C082,P014,S005,1,155,0.0,155.0,62,93.0
T001224,20260816,C111,P014,S006,6,155,0.05,883.5,372,511.5
T001225,20260913,C057,P010,S002,5,115,0.0,575.0,220,355.0
T001226,20261121,C123,P009,S003,10,125,0.05,1187.5,480,707.5
T001227,20261223,C003,P002,S004,10,100,0.0,1000.0,400,600.0
T001228,20261029,C100,P012,S005,6,145,0.1,783.0,336,447.0
T001229,20260417,C141,P013,S004,10,175,0.0,1750.0,700,1050.0
T001230,20260908,C056,P008,S001,6,130,0.1,702.0,300,402.0
T001231,20260101,C075,P005,S006,3,140,0.2,336.0,165,171.0
T001232,20260815,C053,P012,S007,5,145,0.15,616.25,280,336.25
T001233,20260909,C051,P003,S005,5,110,0.1,495.0,210,285.0
T001234,20260625,C076,P002,S001,6,100,0.2,480.0,240,240.0
T001235,20260409,C045,P003,S005,7,110,0.2,616.0,294,322.0
T001236,20260527,C038,P006,S001,2,160,0.05,304.0,130,174.0
T001237,20260509,C106,P009,S007,5,125,0.2,500.0,240,260.0
T001238,20260821,C144,P013,S003,6,175,0.05,997.5,420,577.5
T001239,20261204,C057,P001,S006,6,90,0.0,540.0,210,330.0
T001240,20260614,C111,P004,S007,5,120,0.05,570.0,225,345.0
T001241,20260113,C080,P014,S006,5,155,0.0,775.0,310,465.0
T001242,20260920,C055,P003,S003,6,110,0.0,660.0,252,408.0
T001243,20261123,C031,P006,S003,9,160,0.0,1440.0,585,855.0
T001244,20260807,C149,P002,S003,8,100,0.1,720.0,320,400.0
T001245,20260606,C133,P009,S003,1,125,0.05,118.75,48,70.75
T001246,20260804,C068,P013,S005,9,175,0.0,1575.0,630,945.0
T001247,20260901,C035,P006,S004,4,160,0.05,608.0,260,348.0
T001248,20261108,C061,P002,S006,4,100,0.0,400.0,160,240.0
T001249,20260118,C135,P012,S002,4,145,0.0,580.0,224,356.0
T001250,20261002,C127,P014,S006,6,155,0.1,837.0,372,465.0
T001251,20260711,C050,P001,S006,4,90,0.1,324.0,140,184.0
T001252,20260923,C012,P004,S004,6,120,0.0,720.0,270,450.0
T001253,20260213,C031,P006,S003,8,160,0.0,1280.0,520,760.0
T001254,20260920,C045,P015,S005,2,130,0.15,221.0,96,125.0
T001255,20261115,C097,P014,S002,3,155,0.05,441.75,186,255.75
T001256,20260422,C086,P013,S005,8,175,0.0,1400.0,560,840.0
T001257,20260903,C102,P013,S003,4,175,0.05,665.0,280,385.0
T001258,20260111,C126,P015,S004,4,130,0.0,520.0,192,328.0
T001259,20261007,C118,P002,S005,4,100,0.15,340.0,160,180.0
T001260,20260221,C027,P003,S003,4,110,0.15,374.0,168,206.0
T001261,20261125,C021,P006,S003,7,160,0.0,1120.0,455,665.0
T001262,20261004,C099,P005,S001,8,140,0.1,1008.0,440,568.0
T001263,20260519,C078,P006,S007,9,160,0.0,1440.0,585,855.0
T001264,20260407,C021,P003,S004,4,110,0.05,418.0,168,250.0
T001265,20261213,C049,P007,S005,2,150,0.2,240.0,120,120.0
T001266,20260212,C012,P012,S005,10,145,0.0,1450.0,560,890.0
T001267,20260109,C125,P015,S005,8,130,0.15,884.0,384,500.0
T001268,20261205,C071,P005,S007,1,140,0.1,126.0,55,71.0
T001269,20261017,C011,P009,S003,5,125,0.0,625.0,240,385.0
T001270,20260825,C054,P012,S002,4,145,0.0,580.0,224,356.0
T001271,20260115,C150,P011,S006,5,135,0.0,675.0,260,415.0
T001272,20260907,C001,P006,S004,7,160,0.1,1008.0,455,553.0
T001273,20261224,C027,P009,S001,8,125,0.15,850.0,384,466.0
T001274,20260122,C035,P012,S004,8,145,0.1,1044.0,448,596.0
T001275,20260331,C132,P013,S002,7,175,0.0,1225.0,490,735.0
T001276,20260915,C069,P005,S004,2,140,0.0,280.0,110,170.0
T001277,20260301,C094,P015,S004,10,130,0.0,1300.0,480,820.0
T001278,20260919,C047,P009,S005,9,125,0.0,1125.0,432,693.0
T001279,20260312,C085,P002,S001,4,100,0.05,380.0,160,220.0
T001280,20260427,C108,P001,S001,3,90,0.0,270.0,105,165.0
T001281,20260217,C055,P008,S004,7,130,0.05,864.5,350,514.5
T001282,20261121,C143,P003,S002,10,110,0.1,990.0,420,570.0
T001283,20260829,C089,P001,S002,9,90,0.0,810.0,315,495.0
T001284,20260621,C054,P012,S001,8,145,0.0,1160.0,448,712.0
T001285,20260302,C086,P012,S006,9,145,0.15,1109.25,504,605.25
T001286,20261024,C013,P003,S005,5,110,0.15,467.5,210,257.5
T001287,20260104,C108,P010,S004,10,115,0.0,1150.0,440,710.0
T001288,20260308,C108,P007,S003,2,150,0.1,270.0,120,150.0
T001289,20260503,C093,P009,S005,9,125,0.1,1012.5,432,580.5
T001290,20260317,C096,P005,S004,5,140,0.15,595.0,275,320.0
T001291,20260216,C083,P001,S004,2,90,0.1,162.0,70,92.0
T001292,20260911,C031,P003,S004,6,110,0.0,660.0,252,408.0
T001293,20260503,C039,P001,S005,1,90,0.2,72.0,35,37.0
T001294,20260527,C083,P008,S007,1,130,0.0,130.0,50,80.0
T001295,20261209,C066,P008,S002,8,130,0.1,936.0,400,536.0
T001296,20260718,C048,P004,S001,6,120,0.0,720.0,270,450.0
T001297,20260628,C118,P014,S005,3,155,0.0,465.0,186,279.0
T001298,20260806,C018,P004,S006,8,120,0.2,768.0,360,408.0
T001299,20261024,C034,P013,S004,2,175,0.2,280.0,140,140.0
T001300,20261029,C105,P007,S001,4,150,0.15,510.0,240,270.0
T001301,20260304,C113,P004,S005,6,120,0.0,720.0,270,450.0
T001302,20261021,C113,P002,S003,10,100,0.0,1000.0,400,600.0
T001303,20260923,C017,P012,S003,6,145,0.15,739.5,336,403.5
T001304,20260110,C106,P005,S001,10,140,0.0,1400.0,550,850.0
T001305,20261123,C009,P006,S005,8,160,0.0,1280.0,520,760.0
T001306,20260614,C044,P004,S005,5,120,0.15,510.0,225,285.0
T001307,20261113,C132,P015,S002,5,130,0.05,617.5,240,377.5
T001308,20261027,C115,P005,S006,3,140,0.05,399.0,165,234.0
T001309,20260515,C055,P008,S006,10,130,0.0,1300.0,500,800.0
T001310,20261028,C034,P008,S002,4,130,0.2,416.0,200,216.0
T001311,20260620,C079,P007,S002,7,150,0.1,945.0,420,525.0
T001312,20260722,C094,P013,S002,1,175,0.1,157.5,70,87.5
T001313,20261127,C135,P003,S003,6,110,0.2,528.0,252,276.0
T001314,20260416,C035,P005,S004,3,140,0.05,399.0,165,234.0
T001315,20261224,C132,P008,S007,9,130,0.15,994.5,450,544.5
T001316,20260416,C087,P003,S002,9,110,0.05,940.5,378,562.5
T001317,20260102,C111,P012,S006,3,145,0.0,435.0,168,267.0
T001318,20260514,C028,P004,S001,5,120,0.15,510.0,225,285.0
T001319,20260913,C064,P010,S003,5,115,0.05,546.25,220,326.25
T001320,20260627,C014,P013,S006,10,175,0.2,1400.0,700,700.0
T001321,20261203,C012,P010,S001,1,115,0.0,115.0,44,71.0
T001322,20261017,C136,P014,S003,2,155,0.2,248.0,124,124.0
T001323,20261027,C050,P007,S007,4,150,0.1,540.0,240,300.0
T001324,20261006,C088,P013,S007,8,175,0.0,1400.0,560,840.0
T001325,20260606,C031,P014,S003,7,155,0.2,868.0,434,434.0
T001326,20260702,C142,P015,S007,5,130,0.2,520.0,240,280.0
T001327,20260221,C083,P004,S006,5,120,0.05,570.0,225,345.0
T001328,20260520,C060,P002,S005,1,100,0.0,100.0,40,60.0
T001329,20261110,C148,P006,S004,3,160,0.2,384.0,195,189.0
T001330,20260812,C069,P015,S003,4,130,0.2,416.0,192,224.0
T001331,20260326,C133,P011,S007,9,135,0.05,1154.25,468,686.25
T001332,20260402,C029,P014,S005,9,155,0.0,1395.0,558,837.0
T001333,20260116,C132,P006,S002,9,160,0.1,1296.0,585,711.0
T001334,20260311,C108,P012,S005,10,145,0.1,1305.0,560,745.0
T001335,20260326,C023,P006,S001,1,160,0.2,128.0,65,63.0
T001336,20260612,C007,P003,S007,10,110,0.0,1100.0,420,680.0
T001337,20260405,C076,P005,S002,2,140,0.15,238.0,110,128.0
T001338,20261218,C105,P013,S002,3,175,0.15,446.25,210,236.25
T001339,20261204,C045,P006,S003,3,160,0.1,432.0,195,237.0
T001340,20260326,C047,P007,S004,3,150,0.05,427.5,180,247.5
T001341,20260717,C083,P009,S002,9,125,0.0,1125.0,432,693.0
T001342,20260726,C023,P013,S003,9,175,0.05,1496.25,630,866.25
T001343,20261107,C025,P014,S004,9,155,0.15,1185.75,558,627.75
T001344,20261118,C031,P014,S005,10,155,0.05,1472.5,620,852.5
T001345,20261109,C085,P003,S001,6,110,0.1,594.0,252,342.0
T001346,20260110,C026,P002,S005,3,100,0.2,240.0,120,120.0
T001347,20260804,C067,P015,S007,6,130,0.0,780.0,288,492.0
T001348,20260316,C071,P013,S006,2,175,0.05,332.5,140,192.5
T001349,20260627,C040,P011,S003,8,135,0.1,972.0,416,556.0
T001350,20261201,C087,P001,S007,5,90,0.05,427.5,175,252.5
T001351,20261230,C081,P002,S005,1,100,0.05,95.0,40,55.0
T001352,20261231,C104,P009,S006,6,125,0.15,637.5,288,349.5
T001353,20261012,C116,P006,S005,5,160,0.0,800.0,325,475.0
T001354,20260206,C079,P014,S007,2,155,0.2,248.0,124,124.0
T001355,20260410,C011,P007,S006,1,150,0.15,127.5,60,67.5
T001356,20260525,C139,P015,S005,3,130,0.1,351.0,144,207.0
T001357,20261013,C035,P002,S005,4,100,0.0,400.0,160,240.0
T001358,20261215,C114,P011,S002,10,135,0.2,1080.0,520,560.0
T001359,20260101,C058,P001,S002,1,90,0.2,72.0,35,37.0
T001360,20260502,C040,P013,S007,7,175,0.15,1041.25,490,551.25
T001361,20260318,C136,P014,S002,10,155,0.1,1395.0,620,775.0
T001362,20260903,C002,P005,S007,4,140,0.2,448.0,220,228.0
T001363,20260611,C125,P009,S003,1,125,0.05,118.75,48,70.75
T001364,20260812,C116,P011,S002,3,135,0.15,344.25,156,188.25
T001365,20261103,C136,P011,S007,6,135,0.2,648.0,312,336.0
T001366,20260104,C126,P015,S006,9,130,0.15,994.5,432,562.5
T001367,20260318,C123,P006,S001,7,160,0.05,1064.0,455,609.0
T001368,20261018,C127,P011,S001,1,135,0.0,135.0,52,83.0
T001369,20260829,C146,P002,S001,7,100,0.05,665.0,280,385.0
T001370,20260430,C115,P011,S003,2,135,0.1,243.0,104,139.0
T001371,20261003,C144,P014,S007,8,155,0.15,1054.0,496,558.0
T001372,20260607,C139,P010,S005,6,115,0.1,621.0,264,357.0
T001373,20260422,C020,P007,S007,7,150,0.0,1050.0,420,630.0
T001374,20260918,C033,P012,S003,9,145,0.1,1174.5,504,670.5
T001375,20261208,C062,P004,S007,4,120,0.0,480.0,180,300.0
T001376,20260424,C103,P001,S003,5,90,0.05,427.5,175,252.5
T001377,20260129,C108,P009,S001,5,125,0.2,500.0,240,260.0
T001378,20261015,C077,P010,S004,10,115,0.2,920.0,440,480.0
T001379,20261120,C121,P003,S006,8,110,0.1,792.0,336,456.0
T001380,20260527,C025,P001,S004,8,90,0.15,612.0,280,332.0
T001381,20260615,C130,P011,S002,1,135,0.2,108.0,52,56.0
T001382,20260908,C060,P003,S007,5,110,0.05,522.5,210,312.5
T001383,20261109,C085,P002,S005,1,100,0.15,85.0,40,45.0
T001384,20260630,C029,P007,S003,6,150,0.05,855.0,360,495.0
T001385,20260618,C037,P005,S007,3,140,0.0,420.0,165,255.0
T001386,20261029,C017,P014,S007,8,155,0.15,1054.0,496,558.0
T001387,20260610,C129,P015,S002,2,130,0.0,260.0,96,164.0
T001388,20260711,C137,P007,S002,5,150,0.05,712.5,300,412.5
T001389,20260510,C020,P001,S005,9,90,0.05,769.5,315,454.5
T001390,20261223,C093,P011,S005,2,135,0.15,229.5,104,125.5
T001391,20261012,C148,P007,S006,5,150,0.0,750.0,300,450.0
T001392,20260627,C076,P001,S004,5,90,0.0,450.0,175,275.0
T001393,20260708,C016,P010,S001,4,115,0.15,391.0,176,215.0
T001394,20261229,C118,P011,S005,2,135,0.15,229.5,104,125.5
T001395,20260623,C066,P009,S001,6,125,0.0,750.0,288,462.0
T001396,20260315,C118,P012,S001,8,145,0.0,1160.0,448,712.0
T001397,20260402,C071,P009,S006,9,125,0.05,1068.75,432,636.75
T001398,20260831,C065,P013,S006,7,175,0.15,1041.25,490,551.25
T001399,20261014,C051,P014,S005,2,155,0.0,310.0,124,186.0
T001400,20261005,C148,P014,S005,1,155,0.0,155.0,62,93.0
T001401,20260813,C105,P003,S003,7,110,0.15,654.5,294,360.5
T001402,20260601,C001,P004,S004,2,120,0.2,192.0,90,102.0
T001403,20261006,C066,P003,S002,8,110,0.15,748.0,336,412.0
T001404,20261214,C002,P003,S006,1,110,0.15,93.5,42,51.5
T001405,20260706,C016,P001,S003,7,90,0.05,598.5,245,353.5
T001406,20260502,C028,P010,S002,8,115,0.0,920.0,352,568.0
T001407,20260208,C059,P012,S006,2,145,0.0,290.0,112,178.0
T001408,20260425,C150,P008,S001,2,130,0.05,247.0,100,147.0
T001409,20260811,C042,P008,S003,7,130,0.1,819.0,350,469.0
T001410,20261225,C098,P006,S002,8,160,0.0,1280.0,520,760.0
T001411,20261002,C025,P011,S001,8,135,0.15,918.0,416,502.0
T001412,20260910,C062,P002,S001,6,100,0.0,600.0,240,360.0
T001413,20260212,C106,P011,S005,8,135,0.1,972.0,416,556.0
T001414,20260713,C109,P003,S006,8,110,0.0,880.0,336,544.0
T001415,20260826,C025,P009,S003,10,125,0.15,1062.5,480,582.5
T001416,20260323,C058,P006,S003,10,160,0.2,1280.0,650,630.0
T001417,20260502,C101,P008,S002,9,130,0.1,1053.0,450,603.0
T001418,20260812,C037,P011,S005,4,135,0.0,540.0,208,332.0
T001419,20260626,C017,P006,S007,2,160,0.05,304.0,130,174.0
T001420,20260302,C119,P003,S004,8,110,0.0,880.0,336,544.0
T001421,20260726,C010,P010,S001,9,115,0.1,931.5,396,535.5
T001422,20260407,C033,P009,S001,4,125,0.05,475.0,192,283.0
T001423,20260731,C092,P004,S003,10,120,0.0,1200.0,450,750.0
T001424,20261005,C002,P004,S003,4,120,0.05,456.0,180,276.0
T001425,20260914,C077,P001,S001,1,90,0.15,76.5,35,41.5
T001426,20261229,C007,P002,S007,7,100,0.15,595.0,280,315.0
T001427,20260804,C092,P008,S006,1,130,0.2,104.0,50,54.0
T001428,20261115,C037,P008,S006,10,130,0.0,1300.0,500,800.0
T001429,20260322,C119,P014,S007,6,155,0.15,790.5,372,418.5
T001430,20260517,C137,P015,S007,8,130,0.0,1040.0,384,656.0
T001431,20260528,C090,P015,S003,1,130,0.0,130.0,48,82.0
T001432,20260207,C002,P014,S004,9,155,0.1,1255.5,558,697.5
T001433,20260227,C123,P012,S007,2,145,0.0,290.0,112,178.0
T001434,20260518,C024,P007,S001,9,150,0.2,1080.0,540,540.0
T001435,20260922,C057,P007,S002,2,150,0.2,240.0,120,120.0
T001436,20260616,C133,P001,S005,7,90,0.2,504.0,245,259.0
T001437,20261018,C136,P003,S005,1,110,0.0,110.0,42,68.0
T001438,20260401,C058,P004,S007,3,120,0.05,342.0,135,207.0
T001439,20260624,C016,P014,S004,6,155,0.1,837.0,372,465.0
T001440,20261207,C128,P009,S002,4,125,0.2,400.0,192,208.0
T001441,20260605,C052,P001,S005,6,90,0.1,486.0,210,276.0
T001442,20260416,C060,P008,S006,5,130,0.0,650.0,250,400.0
T001443,20260623,C147,P007,S006,4,150,0.1,540.0,240,300.0
T001444,20261018,C024,P002,S004,2,100,0.0,200.0,80,120.0
T001445,20260609,C125,P002,S005,1,100,0.2,80.0,40,40.0
T001446,20260214,C009,P012,S006,4,145,0.0,580.0,224,356.0
T001447,20260306,C136,P015,S007,4,130,0.15,442.0,192,250.0
T001448,20261017,C062,P007,S004,5,150,0.05,712.5,300,412.5
T001449,20260318,C087,P014,S006,8,155,0.0,1240.0,496,744.0
T001450,20260818,C120,P009,S003,1,125,0.05,118.75,48,70.75
T001451,20260422,C124,P004,S005,5,120,0.15,510.0,225,285.0
T001452,20261207,C150,P010,S006,9,115,0.05,983.25,396,587.25
T001453,20261129,C139,P012,S001,3,145,0.0,435.0,168,267.0
T001454,20260227,C034,P012,S002,1,145,0.0,145.0,56,89.0
T001455,20260911,C139,P001,S002,5,90,0.05,427.5,175,252.5
T001456,20260715,C124,P004,S007,1,120,0.05,114.0,45,69.0
T001457,20261218,C084,P014,S002,3,155,0.1,418.5,186,232.5
T001458,20260515,C083,P006,S003,3,160,0.0,480.0,195,285.0
T001459,20260916,C127,P005,S007,1,140,0.2,112.0,55,57.0
T001460,20260430,C121,P015,S001,8,130,0.2,832.0,384,448.0
T001461,20260416,C124,P014,S007,3,155,0.0,465.0,186,279.0
T001462,20260914,C031,P009,S004,1,125,0.05,118.75,48,70.75
T001463,20260405,C049,P009,S005,10,125,0.15,1062.5,480,582.5
T001464,20260713,C005,P002,S005,4,100,0.15,340.0,160,180.0
T001465,20260602,C030,P015,S001,3,130,0.1,351.0,144,207.0
T001466,20260627,C145,P004,S001,7,120,0.05,798.0,315,483.0
T001467,20260412,C147,P007,S003,2,150,0.2,240.0,120,120.0
T001468,20260802,C098,P005,S002,7,140,0.0,980.0,385,595.0
T001469,20260806,C048,P009,S007,3,125,0.0,375.0,144,231.0
T001470,20260523,C037,P011,S002,9,135,0.2,972.0,468,504.0
T001471,20260418,C044,P009,S004,4,125,0.0,500.0,192,308.0
T001472,20260405,C020,P007,S002,8,150,0.05,1140.0,480,660.0
T001473,20261222,C023,P011,S003,4,135,0.0,540.0,208,332.0
T001474,20261030,C007,P001,S005,2,90,0.15,153.0,70,83.0
T001475,20261017,C021,P013,S005,2,175,0.05,332.5,140,192.5
T001476,20260504,C136,P007,S005,6,150,0.05,855.0,360,495.0
T001477,20260722,C144,P007,S005,9,150,0.2,1080.0,540,540.0
T001478,20260325,C138,P011,S007,1,135,0.05,128.25,52,76.25
T001479,20260415,C146,P003,S002,7,110,0.1,693.0,294,399.0
T001480,20260429,C121,P013,S004,4,175,0.2,560.0,280,280.0
T001481,20261230,C110,P008,S001,7,130,0.2,728.0,350,378.0
T001482,20260518,C112,P005,S006,5,140,0.2,560.0,275,285.0
T001483,20261209,C012,P008,S007,8,130,0.1,936.0,400,536.0
T001484,20260703,C121,P001,S005,3,90,0.15,229.5,105,124.5
T001485,20260607,C126,P002,S003,8,100,0.0,800.0,320,480.0
T001486,20260206,C114,P008,S002,6,130,0.1,702.0,300,402.0
T001487,20260914,C087,P009,S003,7,125,0.15,743.75,336,407.75
T001488,20260310,C144,P001,S004,2,90,0.05,171.0,70,101.0
T001489,20260525,C082,P006,S002,6,160,0.2,768.0,390,378.0
T001490,20260731,C002,P010,S004,3,115,0.0,345.0,132,213.0
T001491,20260416,C103,P004,S003,6,120,0.1,648.0,270,378.0
T001492,20260308,C150,P008,S005,10,130,0.15,1105.0,500,605.0
T001493,20260121,C061,P010,S006,6,115,0.2,552.0,264,288.0
T001494,20260119,C137,P003,S006,10,110,0.15,935.0,420,515.0
T001495,20260204,C096,P005,S006,7,140,0.2,784.0,385,399.0
T001496,20260908,C130,P007,S003,6,150,0.0,900.0,360,540.0
T001497,20260522,C060,P015,S005,4,130,0.1,468.0,192,276.0
T001498,20260519,C141,P008,S002,2,130,0.0,260.0,100,160.0
T001499,20260829,C020,P014,S007,7,155,0.15,922.25,434,488.25
T001500,20261220,C019,P005,S006,2,140,0.0,280.0,110,170.0
