date_id,city,temperature_c,rainfall_mm,condition
20260101,Nagpur,35.8,1.4,Rainy
20260101,Thane,29.1,11.9,Sunny
20260102,Thane,25.8,7.0,Sunny
20260102,Mumbai,29.0,0.0,Sunny
20260103,Pune,33.1,14.2,Rainy
20260103,Mumbai,26.5,4.9,Cloudy
20260104,Thane,31.0,3.9,Rainy
20260104,Mumbai,28.0,0.0,Rainy
20260105,Nagpur,31.2,8.5,Sunny
20260105,Nashik,30.1,0.0,Rainy
20260106,Aurangabad,35.6,8.9,Sunny
20260106,Mumbai,27.5,31.3,Sunny
20260107,Thane,28.8,0.0,Rainy
20260107,Pune,27.4,0.0,Rainy
20260108,Mumbai,33.2,2.0,Sunny
20260108,Nagpur,26.0,19.9,Sunny
20260109,Pune,22.4,13.4,Sunny
20260109,Nashik,20.7,0.0,Cloudy
20260110,Aurangabad,24.2,24.5,Rainy
20260110,Mumbai,36.1,3.0,Cloudy
20260111,Nashik,32.4,4.8,Cloudy
20260111,Aurangabad,31.3,0.0,Sunny
20260112,Pune,22.2,0.0,Cloudy
20260112,Nashik,30.5,34.0,Rainy
20260113,Aurangabad,30.1,0.7,Cloudy
20260113,Thane,36.6,9.8,Rainy
20260114,Mumbai,29.4,10.0,Sunny
20260114,Aurangabad,28.5,3.3,Rainy
20260115,Aurangabad,23.3,13.0,Cloudy
20260115,Pune,28.6,21.3,Sunny
20260116,Aurangabad,27.5,0.0,Sunny
20260116,Pune,28.6,27.4,Sunny
20260117,Mumbai,27.5,0.0,Rainy
20260117,Nagpur,24.2,0.0,Rainy
20260118,Pune,27.8,0.0,Sunny
20260118,Aurangabad,35.0,3.6,Cloudy
20260119,Thane,29.4,24.3,Rainy
20260119,Aurangabad,35.0,4.4,Rainy
20260120,Nagpur,30.3,15.8,Rainy
20260120,Pune,28.2,0.0,Sunny
20260121,Mumbai,31.6,17.7,Cloudy
20260121,Thane,30.7,0.0,Sunny
20260122,Pune,28.2,0.0,Cloudy
20260122,Aurangabad,27.8,22.6,Rainy
20260123,Pune,35.1,15.0,Cloudy
20260123,Thane,31.2,15.1,Cloudy
20260124,Aurangabad,29.0,6.1,Rainy
20260124,Thane,26.3,6.3,Rainy
20260125,Mumbai,38.0,17.4,Cloudy
20260125,Nashik,27.6,1.3,Rainy
20260126,Aurangabad,25.5,11.5,Rainy
20260126,Nagpur,30.6,0.0,Sunny
20260127,Thane,30.9,0.2,Cloudy
20260127,Aurangabad,34.7,8.9,Rainy
20260128,Mumbai,35.9,1.5,Sunny
20260128,Nagpur,27.8,10.6,Cloudy
20260129,Pune,33.2,13.8,Cloudy
20260129,Nagpur,24.1,9.2,Cloudy
20260130,Pune,29.1,1.9,Cloudy
20260130,Mumbai,26.4,28.0,Sunny
20260131,Mumbai,27.4,0.0,Sunny
20260131,Nashik,31.5,8.6,Sunny
20260201,Thane,28.7,16.4,Sunny
20260201,Nashik,31.0,11.3,Cloudy
20260202,Mumbai,32.9,10.4,Sunny
20260202,Nagpur,26.5,2.7,Rainy
20260203,Pune,26.9,9.5,Cloudy
20260203,Nagpur,24.7,0.0,Sunny
20260204,Thane,29.4,0.0,Sunny
20260204,Mumbai,21.2,11.5,Rainy
20260205,Nagpur,26.2,13.0,Cloudy
20260205,Aurangabad,26.9,0.0,Cloudy
20260206,Nagpur,24.0,0.8,Cloudy
20260206,Mumbai,27.9,0.0,Cloudy
20260207,Pune,27.9,0.0,Sunny
20260207,Nashik,29.1,0.0,Cloudy
20260208,Aurangabad,28.2,15.4,Cloudy
20260208,Nagpur,33.4,27.6,Rainy
20260209,Pune,22.8,16.1,Cloudy
20260209,Nagpur,33.8,18.8,Rainy
20260210,Aurangabad,25.3,11.9,Rainy
20260210,Nashik,36.4,0.0,Sunny
20260211,Pune,30.9,20.3,Sunny
20260211,Mumbai,26.2,14.0,Sunny
20260212,Nashik,24.7,0.0,Sunny
20260212,Thane,25.7,9.3,Sunny
20260213,Nashik,28.6,18.4,Cloudy
20260213,Mumbai,25.2,5.4,Rainy
20260214,Nashik,32.8,13.7,Sunny
20260214,Nagpur,23.7,15.0,Rainy
20260215,Aurangabad,27.1,11.6,Cloudy
20260215,Thane,30.2,21.6,Rainy
20260216,Nashik,29.5,0.0,Cloudy
20260216,Pune,23.5,15.8,Sunny
20260217,Thane,28.0,20.7,Cloudy
20260217,Mumbai,30.1,0.0,Sunny
20260218,Nashik,33.3,0.0,Rainy
20260218,Pune,20.8,31.8,Sunny
20260219,Nashik,21.4,14.6,Rainy
20260219,Pune,32.8,8.8,Sunny
20260220,Pune,22.3,19.2,Sunny
20260220,Nashik,23.2,0.0,Cloudy
20260221,Pune,27.6,16.5,Rainy
20260221,Nashik,30.2,16.7,Cloudy
20260222,Nashik,27.2,4.9,Sunny
20260222,Aurangabad,24.5,3.2,Sunny
20260223,Aurangabad,31.4,3.4,Sunny
20260223,Mumbai,30.9,0.1,Sunny
20260224,Nashik,26.6,7.5,Sunny
20260224,Pune,28.2,14.1,Sunny
20260225,Nashik,29.7,27.9,Rainy
20260225,Thane,28.1,4.3,Sunny
20260226,Nashik,24.8,7.3,Rainy
20260226,Nagpur,31.7,0.0,Rainy
20260227,Mumbai,28.8,15.6,Cloudy
20260227,Nashik,28.5,0.8,Sunny
20260228,Nashik,32.9,8.2,Sunny
20260228,Pune,30.6,21.1,Sunny
20260301,Thane,33.6,2.8,Rainy
20260301,Aurangabad,26.9,10.4,Sunny
20260302,Aurangabad,28.5,0.0,Sunny
20260302,Nagpur,34.1,7.2,Cloudy
20260303,Pune,31.9,0.0,Rainy
20260303,Nagpur,34.2,0.0,Cloudy
20260304,Aurangabad,28.6,0.0,Rainy
20260304,Nagpur,28.3,4.2,Cloudy
20260305,Thane,28.3,12.3,Sunny
20260305,Mumbai,29.2,18.7,Cloudy
20260306,Mumbai,27.1,0.0,Cloudy
20260306,Thane,28.9,14.5,Cloudy
20260307,Pune,34.0,16.8,Sunny
20260307,Mumbai,21.9,11.5,Sunny
20260308,Thane,34.8,7.8,Cloudy
20260308,Nashik,26.9,10.7,Sunny
20260309,Pune,27.0,14.7,Rainy
20260309,Thane,28.9,23.7,Cloudy
20260310,Aurangabad,31.0,0.0,Rainy
20260310,Nashik,31.4,18.2,Sunny
20260311,Thane,26.7,1.9,Sunny
20260311,Nashik,19.8,17.8,Cloudy
20260312,Mumbai,26.6,0.0,Cloudy
20260312,Thane,21.9,4.3,Cloudy
20260313,Pune,32.0,5.9,Cloudy
20260313,Nashik,30.9,0.0,Cloudy
20260314,Aurangabad,23.6,17.6,Sunny
20260314,Nashik,31.0,6.6,Sunny
20260315,Nashik,34.1,0.0,Cloudy
20260315,Mumbai,27.3,19.3,Sunny
20260316,Pune,36.4,7.1,Cloudy
20260316,Nashik,35.7,0.0,Sunny
20260317,Nagpur,30.3,4.9,Rainy
20260317,Nashik,22.6,10.1,Rainy
20260318,Mumbai,32.7,5.2,Rainy
20260318,Thane,28.7,23.7,Sunny
20260319,Pune,24.0,0.0,Sunny
20260319,Nashik,26.4,0.0,Sunny
20260320,Nagpur,34.4,10.7,Sunny
20260320,Aurangabad,25.5,0.0,Cloudy
20260321,Pune,40.4,0.0,Cloudy
20260321,Nashik,26.0,10.7,Rainy
20260322,Mumbai,31.6,9.7,Rainy
20260322,Pune,25.4,0.0,Rainy
20260323,Mumbai,31.4,6.3,Cloudy
20260323,Aurangabad,22.4,21.1,Cloudy
20260324,Thane,32.1,4.1,Sunny
20260324,Nagpur,28.0,9.8,Cloudy
20260325,Thane,26.3,0.0,Rainy
20260325,Aurangabad,30.3,0.0,Sunny
20260326,Pune,30.6,0.0,Rainy
20260326,Aurangabad,28.6,5.4,Cloudy
20260327,Thane,36.1,0.0,Sunny
20260327,Aurangabad,23.3,0.0,Rainy
20260328,Aurangabad,24.5,0.0,Sunny
20260328,Thane,30.7,16.3,Rainy
20260329,Aurangabad,35.6,0.0,Sunny
20260329,Mumbai,39.6,30.8,Sunny
20260330,Pune,28.2,0.0,Rainy
20260330,Mumbai,28.7,7.9,Cloudy
20260331,Pune,19.8,7.9,Cloudy
20260331,Nagpur,28.2,0.0,Rainy
20260401,Pune,31.5,19.1,Rainy
20260401,Thane,27.1,9.8,Rainy
20260402,Thane,26.4,0.0,Cloudy
20260402,Mumbai,29.3,13.3,Cloudy
20260403,Pune,26.7,0.0,Sunny
20260403,Nagpur,31.3,0.0,Rainy
20260404,Aurangabad,29.5,28.3,Sunny
20260404,Thane,28.9,0.0,Rainy
20260405,Aurangabad,23.2,21.0,Rainy
20260405,Pune,28.9,13.5,Rainy
20260406,Nagpur,32.7,6.4,Sunny
20260406,Nashik,27.8,0.0,Cloudy
20260407,Mumbai,16.7,0.0,Sunny
20260407,Thane,28.7,4.9,Rainy
20260408,Thane,30.6,5.5,Cloudy
20260408,Nagpur,29.6,16.5,Cloudy
20260409,Pune,25.5,3.6,Rainy
20260409,Nagpur,22.6,18.7,Cloudy
20260410,Pune,29.2,12.9,Rainy
20260410,Aurangabad,35.2,20.0,Rainy
20260411,Mumbai,28.8,16.5,Rainy
20260411,Pune,23.3,12.2,Sunny
20260412,Nashik,29.6,0.0,Rainy
20260412,Thane,34.3,0.0,Rainy
20260413,Thane,31.7,2.0,Rainy
20260413,Nashik,33.0,22.7,Rainy
20260414,Mumbai,25.7,0.0,Cloudy
20260414,Pune,28.5,17.2,Sunny
20260415,Nagpur,27.5,0.0,Rainy
20260415,Nashik,31.0,0.0,Sunny
20260416,Thane,26.3,0.0,Rainy
20260416,Mumbai,30.2,0.0,Cloudy
20260417,Nashik,24.5,2.8,Cloudy
20260417,Aurangabad,23.1,6.8,Cloudy
20260418,Nagpur,26.3,2.5,Sunny
20260418,Thane,26.1,17.9,Rainy
20260419,Mumbai,28.6,13.3,Sunny
20260419,Nashik,30.9,0.0,Cloudy
20260420,Pune,31.3,11.2,Cloudy
20260420,Nashik,30.3,2.2,Sunny
20260421,Aurangabad,27.3,16.4,Cloudy
20260421,Nagpur,37.7,0.0,Cloudy
20260422,Mumbai,31.1,2.6,Sunny
20260422,Thane,32.1,12.3,Rainy
20260423,Pune,33.2,0.0,Rainy
20260423,Mumbai,26.6,0.0,Rainy
20260424,Nashik,28.6,0.0,Sunny
20260424,Thane,26.4,15.2,Rainy
20260425,Thane,36.6,0.0,Cloudy
20260425,Aurangabad,27.8,10.7,Sunny
20260426,Thane,29.0,2.9,Sunny
20260426,Nashik,23.6,0.0,Cloudy
20260427,Nagpur,31.9,19.9,Sunny
20260427,Thane,29.4,0.0,Sunny
20260428,Pune,29.4,4.1,Rainy
20260428,Nagpur,31.2,8.4,Cloudy
20260429,Nagpur,26.5,9.3,Rainy
20260429,Nashik,24.3,16.8,Sunny
20260430,Nagpur,33.7,0.0,Cloudy
20260430,Nashik,30.7,0.0,Cloudy
20260501,Pune,33.3,17.8,Sunny
20260501,Nashik,28.1,18.9,Cloudy
20260502,Nashik,27.3,0.0,Sunny
20260502,Nagpur,26.7,5.3,Sunny
20260503,Thane,27.7,8.9,Rainy
20260503,Pune,26.5,16.2,Cloudy
20260504,Nashik,33.1,1.0,Sunny
20260504,Thane,23.3,15.7,Cloudy
20260505,Nagpur,33.6,5.0,Sunny
20260505,Aurangabad,23.9,10.2,Cloudy
20260506,Nagpur,35.1,0.0,Sunny
20260506,Nashik,30.9,3.2,Cloudy
20260507,Pune,25.6,13.0,Rainy
20260507,Thane,23.8,10.6,Cloudy
20260508,Thane,34.3,9.1,Sunny
20260508,Mumbai,25.5,0.0,Cloudy
20260509,Nagpur,23.9,0.0,Cloudy
20260509,Aurangabad,35.4,4.0,Sunny
20260510,Nashik,24.8,0.0,Sunny
20260510,Nagpur,24.7,3.0,Rainy
20260511,Nagpur,23.9,27.1,Rainy
20260511,Aurangabad,26.0,0.0,Sunny
20260512,Thane,30.2,24.4,Sunny
20260512,Pune,34.3,1.1,Rainy
20260513,Nagpur,30.0,8.8,Rainy
20260513,Thane,31.1,10.1,Sunny
20260514,Thane,25.2,0.0,Cloudy
20260514,Nashik,29.7,0.0,Sunny
20260515,Aurangabad,34.5,7.5,Sunny
20260515,Mumbai,24.9,3.1,Cloudy
20260516,Nagpur,27.0,5.4,Cloudy
20260516,Nashik,32.8,0.0,Cloudy
20260517,Nashik,21.5,11.1,Cloudy
20260517,Thane,28.3,9.0,Rainy
20260518,Mumbai,30.8,4.8,Cloudy
20260518,Nashik,32.2,0.0,Rainy
20260519,Thane,29.3,0.0,Sunny
20260519,Nagpur,24.5,14.4,Sunny
20260520,Thane,31.3,0.0,Sunny
20260520,Mumbai,24.5,10.5,Sunny
20260521,Aurangabad,33.3,0.0,Rainy
20260521,Nagpur,28.3,0.0,Sunny
20260522,Nagpur,39.0,12.7,Cloudy
20260522,Nashik,32.6,14.9,Cloudy
20260523,Mumbai,32.7,14.3,Sunny
20260523,Aurangabad,27.7,15.9,Sunny
20260524,Pune,29.3,22.6,Cloudy
20260524,Mumbai,26.1,0.5,Rainy
20260525,Pune,31.6,22.4,Sunny
20260525,Nashik,29.6,0.0,Cloudy
20260526,Nashik,28.5,1.0,Sunny
20260526,Aurangabad,36.6,17.8,Sunny
20260527,Thane,34.1,10.6,Cloudy
20260527,Nagpur,26.8,21.1,Cloudy
20260528,Thane,35.6,14.0,Sunny
20260528,Aurangabad,28.9,20.0,Cloudy
20260529,Nashik,27.5,16.2,Sunny
20260529,Thane,26.2,0.0,Cloudy
20260530,Nashik,31.3,11.1,Cloudy
20260530,Aurangabad,36.6,3.6,Sunny
20260531,Thane,29.1,0.0,Rainy
20260531,Aurangabad,21.5,0.0,Rainy
20260601,Mumbai,30.9,0.0,Cloudy
20260601,Pune,33.5,24.1,Sunny
20260602,Nagpur,27.9,26.9,Rainy
20260602,Thane,29.9,20.5,Cloudy
20260603,Nagpur,28.1,18.5,Sunny
20260603,Nashik,25.2,14.5,Sunny
20260604,Pune,27.2,5.4,Rainy
20260604,Nagpur,31.5,9.1,Cloudy
20260605,Aurangabad,28.7,15.7,Sunny
20260605,Nagpur,32.2,0.0,Sunny
20260606,Nagpur,31.2,15.1,Cloudy
20260606,Aurangabad,26.0,11.6,Cloudy
20260607,Mumbai,23.7,24.3,Sunny
20260607,Pune,28.0,6.1,Sunny
20260608,Mumbai,33.8,5.3,Rainy
20260608,Aurangabad,31.4,0.0,Sunny
20260609,Thane,26.7,0.0,Sunny
20260609,Nagpur,28.2,19.4,Rainy
20260610,Pune,29.9,17.6,Sunny
20260610,Thane,24.9,0.0,Sunny
20260611,Aurangabad,27.1,13.9,Rainy
20260611,Pune,30.4,6.8,Rainy
20260612,Nashik,31.5,5.2,Rainy
20260612,Mumbai,28.9,22.7,Cloudy
20260613,Aurangabad,26.7,9.2,Rainy
20260613,Nagpur,35.4,8.2,Sunny
20260614,Pune,31.8,0.0,Cloudy
20260614,Thane,36.8,0.0,Rainy
20260615,Aurangabad,24.5,0.0,Cloudy
20260615,Mumbai,35.5,11.2,Cloudy
20260616,Mumbai,28.0,0.0,Sunny
20260616,Aurangabad,30.5,8.4,Sunny
20260617,Aurangabad,26.2,0.0,Cloudy
20260617,Nashik,24.6,9.6,Cloudy
20260618,Nashik,30.2,7.9,Cloudy
20260618,Mumbai,28.4,0.0,Rainy
20260619,Mumbai,29.2,0.0,Sunny
20260619,Aurangabad,29.2,12.6,Sunny
20260620,Nagpur,26.3,0.0,Sunny
20260620,Nashik,33.0,11.2,Sunny
20260621,Mumbai,26.5,0.0,Rainy
20260621,Nagpur,28.8,14.5,Rainy
20260622,Nagpur,33.5,0.0,Cloudy
20260622,Pune,26.4,1.7,Sunny
20260623,Thane,32.4,0.0,Cloudy
20260623,Nagpur,28.5,0.0,Sunny
20260624,Nagpur,30.1,0.0,Rainy
20260624,Pune,30.5,1.0,Cloudy
20260625,Thane,28.1,13.3,Cloudy
20260625,Nagpur,33.6,0.0,Rainy
20260626,Nagpur,33.0,13.7,Sunny
20260626,Mumbai,27.8,23.8,Cloudy
20260627,Thane,29.8,22.5,Sunny
20260627,Aurangabad,26.6,0.0,Sunny
20260628,Nagpur,33.9,33.0,Cloudy
20260628,Mumbai,31.5,17.7,Sunny
20260629,Mumbai,27.1,0.0,Sunny
20260629,Nagpur,28.1,25.0,Cloudy
20260630,Nashik,21.6,1.1,Rainy
20260630,Pune,21.3,8.3,Cloudy
20260701,Aurangabad,32.5,0.0,Sunny
20260701,Mumbai,27.4,22.9,Cloudy
20260702,Nagpur,28.6,0.0,Rainy
20260702,Pune,23.7,0.0,Sunny
20260703,Nagpur,32.1,0.0,Sunny
20260703,Pune,33.2,17.4,Sunny
20260704,Aurangabad,26.4,0.7,Cloudy
20260704,Mumbai,32.1,8.8,Sunny
20260705,Thane,30.1,0.0,Sunny
20260705,Pune,32.6,0.0,Cloudy
20260706,Nagpur,19.9,0.0,Rainy
20260706,Nashik,30.7,32.2,Sunny
20260707,Pune,27.5,0.0,Cloudy
20260707,Mumbai,37.5,8.9,Sunny
20260708,Mumbai,28.0,0.0,Rainy
20260708,Aurangabad,25.0,24.7,Cloudy
20260709,Pune,27.9,0.5,Rainy
20260709,Nashik,27.0,25.8,Rainy
20260710,Nagpur,26.6,14.5,Cloudy
20260710,Nashik,30.1,9.9,Cloudy
20260711,Mumbai,25.5,14.9,Sunny
20260711,Pune,35.4,6.4,Sunny
20260712,Nashik,25.3,0.0,Cloudy
20260712,Pune,29.8,3.7,Cloudy
20260713,Pune,28.6,7.1,Sunny
20260713,Aurangabad,23.1,16.4,Cloudy
20260714,Nashik,29.9,6.1,Cloudy
20260714,Thane,29.9,18.1,Sunny
20260715,Pune,29.2,0.0,Sunny
20260715,Nagpur,33.7,1.8,Cloudy
20260716,Aurangabad,26.1,0.0,Sunny
20260716,Nagpur,29.0,0.0,Cloudy
20260717,Nashik,26.9,12.4,Sunny
20260717,Nagpur,29.1,19.2,Rainy
20260718,Nagpur,30.2,2.2,Rainy
20260718,Mumbai,27.7,0.9,Cloudy
20260719,Pune,31.6,7.3,Sunny
20260719,Nagpur,27.4,17.1,Cloudy
20260720,Pune,29.4,1.4,Cloudy
20260720,Thane,23.0,12.2,Sunny
20260721,Thane,30.0,7.6,Rainy
20260721,Pune,27.3,0.0,Cloudy
20260722,Nashik,28.1,9.8,Cloudy
20260722,Thane,28.5,5.3,Rainy
20260723,Pune,27.1,11.1,Rainy
20260723,Nashik,29.9,0.0,Rainy
20260724,Thane,32.0,16.5,Cloudy
20260724,Nashik,32.3,5.4,Cloudy
20260725,Pune,28.2,0.0,Rainy
20260725,Aurangabad,32.0,0.0,Sunny
20260726,Pune,27.4,2.9,Sunny
20260726,Mumbai,32.4,7.0,Cloudy
20260727,Thane,25.1,0.0,Cloudy
20260727,Nagpur,26.1,8.3,Cloudy
20260728,Nagpur,29.2,4.6,Sunny
20260728,Thane,26.3,4.5,Cloudy
20260729,Mumbai,33.0,0.0,Rainy
20260729,Pune,29.1,26.4,Cloudy
20260730,Thane,31.2,1.5,Rainy
20260730,Mumbai,31.6,0.0,Sunny
20260731,Nashik,29.0,25.6,Cloudy
20260731,Thane,36.6,0.0,Cloudy
20260801,Aurangabad,31.8,30.4,Rainy
20260801,Pune,26.8,10.1,Sunny
20260802,Nagpur,35.0,1.1,Sunny
20260802,Mumbai,30.8,6.3,Cloudy
20260803,Pune,21.3,11.2,Cloudy
20260803,Thane,28.3,18.1,Rainy
20260804,Aurangabad,37.4,15.2,Sunny
20260804,Nashik,27.5,12.4,Cloudy
20260805,Pune,29.8,19.3,Cloudy
20260805,Thane,23.2,0.0,Rainy
20260806,Pune,20.8,14.3,Sunny
20260806,Mumbai,28.9,0.0,Cloudy
20260807,Nagpur,26.1,0.1,Sunny
20260807,Thane,25.3,3.1,Sunny
20260808,Mumbai,27.0,23.7,Cloudy
20260808,Nagpur,30.3,0.0,Rainy
20260809,Thane,26.7,21.4,Rainy
20260809,Mumbai,30.8,10.5,Rainy
20260810,Thane,31.9,26.0,Cloudy
20260810,Pune,24.1,0.0,Cloudy
20260811,Nashik,22.0,12.9,Cloudy
20260811,Aurangabad,27.5,0.0,Cloudy
20260812,Nashik,26.0,15.3,Sunny
20260812,Thane,28.4,0.6,Cloudy
20260813,Mumbai,34.0,0.0,Sunny
20260813,Thane,23.9,38.1,Sunny
20260814,Mumbai,27.5,0.5,Rainy
20260814,Nashik,26.1,5.4,Sunny
20260815,Nashik,32.1,16.0,Cloudy
20260815,Pune,31.2,3.7,Cloudy
20260816,Mumbai,23.0,10.4,Rainy
20260816,Aurangabad,35.1,19.8,Sunny
20260817,Thane,28.3,16.6,Rainy
20260817,Pune,27.5,6.3,Cloudy
20260818,Pune,24.1,3.2,Sunny
20260818,Thane,29.6,5.0,Cloudy
20260819,Mumbai,32.1,29.6,Cloudy
20260819,Nagpur,34.3,3.3,Sunny
20260820,Nashik,26.1,0.0,Sunny
20260820,Mumbai,25.1,7.4,Sunny
20260821,Mumbai,30.7,9.2,Rainy
20260821,Aurangabad,29.8,8.9,Sunny
20260822,Pune,28.5,0.0,Rainy
20260822,Nashik,35.9,19.6,Sunny
20260823,Nagpur,25.4,0.0,Cloudy
20260823,Aurangabad,26.7,7.4,Rainy
20260824,Pune,34.0,19.2,Rainy
20260824,Thane,33.3,20.1,Rainy
20260825,Thane,33.4,15.8,Cloudy
20260825,Aurangabad,30.8,5.6,Sunny
20260826,Pune,22.0,5.4,Cloudy
20260826,Nashik,36.2,0.5,Sunny
20260827,Pune,26.5,19.2,Cloudy
20260827,Mumbai,29.3,1.2,Sunny
20260828,Aurangabad,35.2,14.5,Sunny
20260828,Mumbai,32.0,0.2,Cloudy
20260829,Nagpur,31.0,11.5,Sunny
20260829,Nashik,32.1,20.8,Rainy
20260830,Nashik,33.5,9.0,Sunny
20260830,Pune,31.8,0.0,Sunny
20260831,Nagpur,31.6,15.2,Cloudy
20260831,Aurangabad,27.4,0.0,Sunny
20260901,Nagpur,28.8,0.0,Cloudy
20260901,Pune,30.4,10.5,Rainy
20260902,Aurangabad,25.2,7.6,Rainy
20260902,Mumbai,33.3,19.8,Rainy
20260903,Pune,33.0,5.2,Cloudy
20260903,Mumbai,27.6,2.3,Rainy
20260904,Nashik,31.4,35.2,Cloudy
20260904,Nagpur,34.6,26.0,Rainy
20260905,Nashik,34.4,0.0,Sunny
20260905,Nagpur,28.2,1.8,Cloudy
20260906,Thane,34.0,27.3,Cloudy
20260906,Aurangabad,26.3,7.5,Cloudy
20260907,Nagpur,31.2,1.1,Cloudy
20260907,Pune,26.5,0.0,Rainy
20260908,Mumbai,32.5,0.0,Rainy
20260908,Nagpur,33.5,8.0,Cloudy
20260909,Mumbai,32.0,25.5,Cloudy
20260909,Pune,26.3,0.0,Sunny
20260910,Nagpur,30.7,0.0,Sunny
20260910,Pune,26.1,5.6,Cloudy
20260911,Aurangabad,29.6,0.0,Cloudy
20260911,Nashik,27.5,14.0,Sunny
20260912,Mumbai,34.4,0.0,Sunny
20260912,Pune,34.2,17.6,Rainy
20260913,Mumbai,24.7,0.0,Sunny
20260913,Nagpur,30.7,2.0,Rainy
20260914,Aurangabad,29.5,17.3,Rainy
20260914,Nashik,27.5,8.9,Rainy
20260915,Mumbai,30.9,17.6,Cloudy
20260915,Thane,36.0,27.3,Cloudy
20260916,Mumbai,30.0,4.2,Sunny
20260916,Aurangabad,38.5,14.7,Sunny
20260917,Pune,30.7,0.0,Cloudy
20260917,Nagpur,32.1,0.0,Sunny
20260918,Nashik,27.2,0.0,Sunny
20260918,Mumbai,26.9,7.7,Cloudy
20260919,Nashik,23.0,0.0,Rainy
20260919,Pune,28.7,0.0,Rainy
20260920,Nagpur,24.0,0.0,Rainy
20260920,Pune,23.4,14.3,Rainy
20260921,Thane,25.0,16.2,Rainy
20260921,Mumbai,32.7,0.0,Sunny
20260922,Aurangabad,29.2,1.3,Rainy
20260922,Nagpur,24.5,3.0,Sunny
20260923,Nagpur,28.0,15.5,Rainy
20260923,Mumbai,33.1,0.0,Sunny
20260924,Pune,27.4,13.3,Rainy
20260924,Nagpur,33.7,0.0,Sunny
20260925,Nagpur,34.1,5.0,Sunny
20260925,Nashik,35.1,1.9,Sunny
20260926,Mumbai,25.7,7.5,Sunny
20260926,Thane,33.7,7.4,Rainy
20260927,Thane,19.6,15.2,Rainy
20260927,Pune,22.6,0.0,Cloudy
20260928,Pune,24.4,0.0,Rainy
20260928,Nagpur,24.0,0.0,Cloudy
20260929,Aurangabad,26.6,6.4,Rainy
20260929,Nashik,27.7,0.0,Cloudy
20260930,Nashik,28.3,18.7,Sunny
20260930,Aurangabad,32.8,8.6,Cloudy
20261001,Nagpur,31.5,17.7,Cloudy
20261001,Nashik,34.4,27.4,Rainy
20261002,Nagpur,27.7,3.7,Sunny
20261002,Mumbai,34.9,25.7,Sunny
20261003,Aurangabad,35.2,0.0,Cloudy
20261003,Nagpur,28.1,0.0,Sunny
20261004,Nagpur,31.9,7.7,Cloudy
20261004,Aurangabad,29.2,5.3,Sunny
20261005,Nagpur,34.2,3.5,Sunny
20261005,Thane,33.1,13.6,Sunny
20261006,Mumbai,30.4,12.6,Cloudy
20261006,Nashik,29.4,0.0,Cloudy
20261007,Pune,31.9,15.6,Rainy
20261007,Nagpur,28.4,15.8,Rainy
20261008,Thane,32.6,0.0,Sunny
20261008,Pune,28.4,1.7,Rainy
20261009,Mumbai,25.4,10.9,Rainy
20261009,Pune,25.6,1.8,Cloudy
20261010,Thane,30.0,11.2,Sunny
20261010,Aurangabad,30.3,33.8,Sunny
20261011,Aurangabad,27.0,10.0,Rainy
20261011,Nagpur,24.2,12.8,Sunny
20261012,Pune,33.6,21.6,Rainy
20261012,Thane,26.5,3.6,Rainy
20261013,Thane,34.0,5.9,Sunny
20261013,Pune,32.8,0.0,Sunny
20261014,Nagpur,34.5,19.3,Sunny
20261014,Nashik,30.9,0.0,Rainy
20261015,Thane,28.4,8.8,Sunny
20261015,Mumbai,30.1,5.7,Cloudy
20261016,Aurangabad,28.1,9.3,Sunny
20261016,Nashik,34.6,0.0,Cloudy
20261017,Aurangabad,23.5,0.0,Cloudy
20261017,Nashik,26.3,0.0,Sunny
20261018,Nashik,31.2,8.1,Cloudy
20261018,Aurangabad,28.0,0.0,Sunny
20261019,Aurangabad,29.6,9.1,Rainy
20261019,Nashik,30.3,0.0,Rainy
20261020,Mumbai,31.6,0.0,Cloudy
20261020,Nashik,34.0,0.0,Sunny
20261021,Mumbai,26.6,0.0,Cloudy
20261021,Thane,32.2,0.0,Sunny
20261022,Thane,36.3,0.0,Rainy
20261022,Nashik,37.1,12.4,Cloudy
20261023,Nagpur,29.1,12.2,Cloudy
20261023,Mumbai,37.8,17.7,Sunny
20261024,Aurangabad,20.1,21.3,Rainy
20261024,Pune,29.9,0.0,Cloudy
20261025,Nagpur,32.0,0.0,Rainy
20261025,Aurangabad,29.7,9.8,Rainy
20261026,Thane,26.4,14.8,Cloudy
20261026,Pune,24.9,9.3,Rainy
20261027,Thane,26.8,4.8,Rainy
20261027,Nagpur,36.7,8.3,Cloudy
20261028,Nashik,24.7,5.6,Cloudy
20261028,Nagpur,25.9,7.3,Rainy
20261029,Mumbai,29.6,8.0,Cloudy
20261029,Nashik,29.3,0.5,Sunny
20261030,Nagpur,30.8,19.7,Sunny
20261030,Mumbai,26.5,6.3,Rainy
20261031,Thane,29.2,22.0,Cloudy
20261031,Pune,33.3,0.0,Rainy
20261101,Nashik,29.3,0.0,Rainy
20261101,Thane,25.1,7.2,Rainy
20261102,Thane,31.5,18.5,Rainy
20261102,Nashik,27.8,0.0,Sunny
20261103,Thane,30.6,4.9,Sunny
20261103,Pune,30.7,8.9,Sunny
20261104,Nashik,31.9,14.9,Rainy
20261104,Aurangabad,32.4,1.5,Cloudy
20261105,Nagpur,33.0,1.0,Cloudy
20261105,Aurangabad,29.3,29.3,Sunny
20261106,Mumbai,30.4,0.0,Sunny
20261106,Nagpur,35.0,19.0,Rainy
20261107,Thane,33.6,9.4,Sunny
20261107,Pune,30.4,4.2,Sunny
20261108,Pune,26.2,25.4,Cloudy
20261108,Aurangabad,27.5,1.2,Cloudy
20261109,Pune,27.2,29.3,Cloudy
20261109,Aurangabad,32.5,2.6,Rainy
20261110,Mumbai,28.8,13.1,Rainy
20261110,Nagpur,32.5,0.0,Cloudy
20261111,Aurangabad,32.6,4.4,Sunny
20261111,Mumbai,26.3,2.3,Cloudy
20261112,Aurangabad,32.2,28.1,Sunny
20261112,Nagpur,29.6,13.7,Sunny
20261113,Pune,25.7,12.9,Rainy
20261113,Mumbai,32.3,0.0,Sunny
20261114,Nagpur,26.9,16.5,Sunny
20261114,Pune,22.0,2.5,Rainy
20261115,Mumbai,31.4,0.0,Cloudy
20261115,Nashik,27.4,7.7,Cloudy
20261116,Pune,32.6,0.0,Rainy
20261116,Thane,33.4,10.7,Rainy
20261117,Nashik,33.8,21.0,Rainy
20261117,Aurangabad,30.4,12.8,Rainy
20261118,Nagpur,22.0,0.0,Rainy
20261118,Aurangabad,25.0,2.8,Rainy
20261119,Nagpur,32.7,0.0,Sunny
20261119,Mumbai,27.7,0.0,Sunny
20261120,Pune,22.8,24.7,Rainy
20261120,Thane,29.4,26.6,Sunny
20261121,Nagpur,33.7,0.0,Sunny
20261121,Mumbai,21.6,31.8,Sunny
20261122,Pune,27.4,0.0,Sunny
20261122,Thane,31.8,8.6,Rainy
20261123,Aurangabad,26.3,2.8,Sunny
20261123,Mumbai,29.6,7.9,Cloudy
20261124,Mumbai,32.0,2.8,Rainy
20261124,Aurangabad,27.6,14.2,Rainy
20261125,Aurangabad,30.3,20.1,Rainy
20261125,Nagpur,28.0,5.8,Sunny
20261126,Aurangabad,24.4,25.0,Sunny
20261126,Nashik,23.4,9.4,Cloudy
20261127,Thane,25.4,11.0,Rainy
20261127,Pune,32.0,0.0,Cloudy
20261128,Thane,28.2,0.0,Sunny
20261128,Aurangabad,34.6,1.7,Cloudy
20261129,Nagpur,22.7,0.0,Sunny
20261129,Thane,34.2,24.9,Rainy
20261130,Thane,34.1,0.0,Sunny
20261130,Nagpur,28.4,26.6,Sunny
20261201,Pune,26.1,3.0,Sunny
20261201,Nashik,25.2,0.0,Rainy
20261202,Pune,33.8,14.6,Cloudy
20261202,Thane,30.8,14.0,Rainy
20261203,Thane,33.1,25.1,Rainy
20261203,Nashik,29.0,2.9,Sunny
20261204,Nashik,24.9,20.0,Rainy
20261204,Aurangabad,26.9,0.0,Cloudy
20261205,Thane,27.9,7.3,Cloudy
20261205,Aurangabad,32.3,19.0,Cloudy
20261206,Thane,26.1,0.0,Sunny
20261206,Mumbai,27.7,0.0,Rainy
20261207,Pune,28.6,12.5,Cloudy
20261207,Mumbai,29.2,0.0,Sunny
20261208,Thane,24.2,22.4,Sunny
20261208,Mumbai,24.9,15.9,Rainy
20261209,Nashik,31.5,3.1,Cloudy
20261209,Mumbai,25.0,9.5,Cloudy
20261210,Aurangabad,25.5,4.9,Cloudy
20261210,Mumbai,29.4,0.0,Rainy
20261211,Thane,28.1,3.3,Cloudy
20261211,Aurangabad,24.1,4.7,Cloudy
20261212,Aurangabad,26.5,0.0,Sunny
20261212,Pune,27.6,3.6,Cloudy
20261213,Thane,26.6,0.0,Rainy
20261213,Mumbai,32.1,15.2,Cloudy
20261214,Mumbai,31.6,10.9,Rainy
20261214,Nagpur,24.0,8.5,Rainy
20261215,Pune,25.3,33.3,Sunny
20261215,Aurangabad,26.9,15.0,Sunny
20261216,Pune,22.8,0.0,Sunny
20261216,Thane,26.9,15.4,Sunny
20261217,Aurangabad,31.2,10.5,Cloudy
20261217,Mumbai,21.6,20.6,Sunny
20261218,Thane,25.3,26.4,Sunny
20261218,Pune,36.5,16.9,Sunny
20261219,Mumbai,33.0,0.0,Rainy
20261219,Pune,39.3,9.6,Sunny
20261220,Thane,33.0,0.0,Sunny
20261220,Pune,28.7,0.0,Rainy
20261221,Nashik,28.0,7.2,Rainy
20261221,Mumbai,30.0,23.8,Rainy
20261222,Pune,30.9,9.9,Sunny
20261222,Nagpur,29.2,31.1,Sunny
20261223,Mumbai,26.7,21.3,Sunny
20261223,Thane,21.2,0.0,Sunny
20261224,Pune,30.6,5.1,Rainy
20261224,Thane,41.0,38.0,Rainy
20261225,Nashik,22.9,0.0,Sunny
20261225,Nagpur,28.4,27.9,Sunny
20261226,Pune,33.5,10.9,Cloudy
20261226,Mumbai,23.3,0.0,Cloudy
20261227,Nashik,18.3,0.0,Cloudy
20261227,Nagpur,30.7,16.5,Sunny
20261228,Nashik,23.8,8.3,Cloudy
20261228,Thane,35.5,9.0,Sunny
20261229,Thane,27.8,14.4,Cloudy
20261229,Nashik,31.1,8.0,Rainy
20261230,Aurangabad,26.9,2.0,Cloudy
20261230,Nagpur,29.4,0.5,Rainy
20261231,Thane,34.4,17.8,Cloudy
20261231,Pune,33.4,31.4,Sunny
